src_id,dst_id,edge_kind
276,277,HAS_FIELD
276,278,HAS_FIELD
332,333,HAS_PARAM
332,334,HAS_PARAM
332,328,HAS_BLOCK
328,330,FLOW
328,329,FLOW
332,329,HAS_BLOCK
329,331,FLOW
332,330,HAS_BLOCK
330,331,FLOW
332,331,HAS_BLOCK
331,332,RETURN
280,327,HAS_FIELD
280,284,HAS_FIELD
340,335,HAS_BLOCK
335,337,FLOW
335,347,CALL
340,337,HAS_BLOCK
337,339,FLOW
337,332,CALL
340,339,HAS_BLOCK
339,340,RETURN
358,359,HAS_PARAM
358,360,HAS_PARAM
358,361,HAS_PARAM
358,362,HAS_PARAM
358,353,HAS_BLOCK
353,355,FLOW
353,341,CALL
358,355,HAS_BLOCK
355,357,FLOW
355,332,CALL
358,357,HAS_BLOCK
357,358,RETURN
368,369,HAS_PARAM
368,370,HAS_PARAM
368,371,HAS_PARAM
368,372,HAS_PARAM
368,373,HAS_PARAM
368,374,HAS_PARAM
368,375,HAS_PARAM
368,363,HAS_BLOCK
363,365,FLOW
363,342,CALL
368,365,HAS_BLOCK
365,367,FLOW
365,332,CALL
368,367,HAS_BLOCK
367,368,RETURN
405,406,HAS_PARAM
405,407,HAS_PARAM
405,408,HAS_PARAM
405,409,HAS_PARAM
405,410,HAS_PARAM
405,411,HAS_PARAM
405,400,HAS_BLOCK
400,402,FLOW
400,345,CALL
405,402,HAS_BLOCK
402,404,FLOW
402,332,CALL
405,404,HAS_BLOCK
404,405,RETURN
417,418,HAS_PARAM
417,419,HAS_PARAM
417,420,HAS_PARAM
417,412,HAS_BLOCK
412,414,FLOW
412,346,CALL
417,414,HAS_BLOCK
414,416,FLOW
414,332,CALL
417,416,HAS_BLOCK
416,417,RETURN
395,396,HAS_PARAM
395,397,HAS_PARAM
395,398,HAS_PARAM
395,399,HAS_PARAM
395,390,HAS_BLOCK
390,392,FLOW
390,344,CALL
395,392,HAS_BLOCK
392,394,FLOW
392,332,CALL
395,394,HAS_BLOCK
394,395,RETURN
381,382,HAS_PARAM
381,383,HAS_PARAM
381,384,HAS_PARAM
381,385,HAS_PARAM
381,386,HAS_PARAM
381,387,HAS_PARAM
381,388,HAS_PARAM
381,389,HAS_PARAM
381,376,HAS_BLOCK
376,378,FLOW
376,343,CALL
381,378,HAS_BLOCK
378,380,FLOW
378,332,CALL
381,380,HAS_BLOCK
380,381,RETURN
426,427,HAS_PARAM
426,428,HAS_PARAM
426,430,HAS_PARAM
426,431,HAS_PARAM
426,432,HAS_PARAM
426,433,HAS_PARAM
426,434,HAS_PARAM
426,435,HAS_PARAM
426,436,HAS_PARAM
426,437,HAS_PARAM
426,429,HAS_PARAM
426,421,HAS_BLOCK
421,423,FLOW
421,352,CALL
426,423,HAS_BLOCK
423,425,FLOW
423,332,CALL
426,425,HAS_BLOCK
425,426,RETURN
596,598,HAS_FIELD
596,598,HAS_FIELD
540,541,HAS_FIELD
440,441,HAS_FIELD
440,448,HAS_FIELD
440,515,HAS_FIELD
440,468,HAS_FIELD
1151,1152,HAS_FIELD
1151,1153,HAS_FIELD
1151,1154,HAS_FIELD
1156,1157,HAS_FIELD
1156,1284,HAS_FIELD
1156,1234,HAS_FIELD
600,1149,HAS_FIELD
600,996,HAS_FIELD
600,997,HAS_FIELD
600,1150,HAS_FIELD
197,198,FLOW
271,272,HAS_FIELD
199,204,HAS_FIELD
199,204,HAS_FIELD
199,204,HAS_FIELD
199,204,HAS_FIELD
199,204,HAS_FIELD
207,208,HAS_FIELD
207,229,HAS_FIELD
207,230,HAS_FIELD
207,269,HAS_FIELD
1941,1942,HAS_PARAM
1941,1943,HAS_PARAM
1941,1944,HAS_PARAM
1941,1353,HAS_BLOCK
1353,1355,FLOW
1353,1787,FLOW
1353,1787,UNWIND
1941,1355,HAS_BLOCK
1355,1829,FLOW
1355,1542,FLOW
1941,1542,HAS_BLOCK
1542,1728,FLOW
1542,1787,FLOW
1542,1787,UNWIND
1941,1728,HAS_BLOCK
1728,1778,FLOW
1941,1829,HAS_BLOCK
1829,1849,FLOW
1829,1787,FLOW
1829,1787,UNWIND
1941,1849,HAS_BLOCK
1849,1868,FLOW
1849,1787,FLOW
1849,1787,UNWIND
1941,1868,HAS_BLOCK
1868,1901,FLOW
1868,1921,FLOW
1868,1884,FLOW
1941,1884,HAS_BLOCK
1941,1901,HAS_BLOCK
1901,1356,FLOW
1901,1784,FLOW
1901,1784,UNWIND
1941,1921,HAS_BLOCK
1921,1788,FLOW
1921,1787,FLOW
1921,1787,UNWIND
1941,1356,HAS_BLOCK
1356,1409,FLOW
1356,1374,FLOW
1941,1374,HAS_BLOCK
1374,1392,FLOW
1374,1784,FLOW
1374,1784,UNWIND
1941,1392,HAS_BLOCK
1392,1753,FLOW
1941,1409,HAS_BLOCK
1409,1430,FLOW
1409,1784,FLOW
1409,1784,UNWIND
1941,1430,HAS_BLOCK
1430,1451,FLOW
1430,1773,FLOW
1430,1773,UNWIND
1941,1451,HAS_BLOCK
1451,1470,FLOW
1941,1470,HAS_BLOCK
1470,1489,FLOW
1470,1773,FLOW
1470,1773,UNWIND
1941,1489,HAS_BLOCK
1489,1523,FLOW
1489,1505,FLOW
1489,1884,FLOW
1941,1505,HAS_BLOCK
1505,1543,FLOW
1505,1773,FLOW
1505,1773,UNWIND
1941,1523,HAS_BLOCK
1523,1764,FLOW
1523,1752,FLOW
1941,1543,HAS_BLOCK
1543,1564,FLOW
1543,1773,FLOW
1543,1773,UNWIND
1543,1005,CALL
1941,1564,HAS_BLOCK
1564,1583,FLOW
1564,1773,FLOW
1564,1773,UNWIND
1564,636,CALL
1941,1583,HAS_BLOCK
1583,1603,FLOW
1583,1773,FLOW
1583,1773,UNWIND
1941,1603,HAS_BLOCK
1603,1620,FLOW
1603,1640,FLOW
1603,1884,FLOW
1941,1620,HAS_BLOCK
1620,1678,FLOW
1620,1782,FLOW
1620,1782,UNWIND
1941,1640,HAS_BLOCK
1640,1658,FLOW
1640,1773,FLOW
1640,1773,UNWIND
1941,1658,HAS_BLOCK
1658,1751,FLOW
1941,1678,HAS_BLOCK
1678,1698,FLOW
1678,1782,FLOW
1678,1782,UNWIND
1941,1698,HAS_BLOCK
1698,1715,FLOW
1698,1782,FLOW
1698,1782,UNWIND
1941,1715,HAS_BLOCK
1715,1729,FLOW
1715,1782,FLOW
1715,1782,UNWIND
1941,1729,HAS_BLOCK
1729,1741,FLOW
1729,1782,FLOW
1729,1782,UNWIND
1941,1741,HAS_BLOCK
1741,1470,FLOW
1941,1752,HAS_BLOCK
1752,1775,FLOW
1752,1773,FLOW
1752,1773,UNWIND
1941,1764,HAS_BLOCK
1764,1798,FLOW
1764,1786,FLOW
1941,1775,HAS_BLOCK
1775,1751,FLOW
1941,1786,HAS_BLOCK
1786,1810,FLOW
1786,1773,FLOW
1786,1773,UNWIND
1941,1798,HAS_BLOCK
1798,1833,FLOW
1798,1773,FLOW
1798,1773,UNWIND
1941,1810,HAS_BLOCK
1810,1822,FLOW
1810,1773,FLOW
1810,1773,UNWIND
1941,1822,HAS_BLOCK
1822,1827,FLOW
1822,1773,FLOW
1822,1773,UNWIND
1941,1827,HAS_BLOCK
1827,1830,FLOW
1827,1773,FLOW
1827,1773,UNWIND
1941,1830,HAS_BLOCK
1830,1832,FLOW
1830,1773,FLOW
1830,1773,UNWIND
1941,1832,HAS_BLOCK
1832,1751,FLOW
1941,1833,HAS_BLOCK
1833,1835,FLOW
1833,1772,FLOW
1833,1772,UNWIND
1941,1835,HAS_BLOCK
1835,1837,FLOW
1835,1772,FLOW
1835,1772,UNWIND
1941,1837,HAS_BLOCK
1837,1839,FLOW
1837,1772,FLOW
1837,1772,UNWIND
1837,325,CALL
1941,1839,HAS_BLOCK
1839,1841,FLOW
1839,1772,FLOW
1839,1772,UNWIND
1941,1841,HAS_BLOCK
1841,1842,FLOW
1841,1844,FLOW
1841,1884,FLOW
1941,1842,HAS_BLOCK
1842,1846,FLOW
1842,1771,FLOW
1842,1771,UNWIND
1941,1844,HAS_BLOCK
1844,1789,FLOW
1844,1772,FLOW
1844,1772,UNWIND
1941,1846,HAS_BLOCK
1846,1850,FLOW
1846,1771,FLOW
1846,1771,UNWIND
1941,1850,HAS_BLOCK
1850,1852,FLOW
1850,1771,FLOW
1850,1771,UNWIND
1941,1852,HAS_BLOCK
1852,1854,FLOW
1852,1771,FLOW
1852,1771,UNWIND
1941,1854,HAS_BLOCK
1854,1856,FLOW
1854,1771,FLOW
1854,1771,UNWIND
1854,290,CALL
1941,1856,HAS_BLOCK
1856,1858,FLOW
1856,1771,FLOW
1856,1771,UNWIND
1941,1858,HAS_BLOCK
1858,1859,FLOW
1858,1861,FLOW
1858,1884,FLOW
1941,1859,HAS_BLOCK
1859,1863,FLOW
1859,1771,FLOW
1859,1771,UNWIND
1941,1861,HAS_BLOCK
1861,1790,FLOW
1861,1771,FLOW
1861,1771,UNWIND
1941,1863,HAS_BLOCK
1863,1865,FLOW
1863,1771,FLOW
1863,1771,UNWIND
1941,1865,HAS_BLOCK
1865,1866,FLOW
1865,1771,FLOW
1865,1771,UNWIND
1941,1866,HAS_BLOCK
1866,1869,FLOW
1866,1771,FLOW
1866,1771,UNWIND
1941,1869,HAS_BLOCK
1869,1870,FLOW
1869,1771,FLOW
1869,1771,UNWIND
1941,1870,HAS_BLOCK
1870,1871,FLOW
1870,1771,FLOW
1870,1771,UNWIND
1941,1871,HAS_BLOCK
1871,1872,FLOW
1871,1771,FLOW
1871,1771,UNWIND
1941,1872,HAS_BLOCK
1872,1874,FLOW
1872,1771,FLOW
1872,1771,UNWIND
1872,325,CALL
1941,1874,HAS_BLOCK
1874,1876,FLOW
1874,1771,FLOW
1874,1771,UNWIND
1941,1876,HAS_BLOCK
1876,1877,FLOW
1876,1879,FLOW
1876,1884,FLOW
1941,1877,HAS_BLOCK
1877,1881,FLOW
1877,1770,FLOW
1877,1770,UNWIND
1877,308,CALL
1941,1879,HAS_BLOCK
1879,1791,FLOW
1879,1771,FLOW
1879,1771,UNWIND
1941,1881,HAS_BLOCK
1881,1883,FLOW
1881,1770,FLOW
1881,1770,UNWIND
1941,1883,HAS_BLOCK
1883,1885,FLOW
1883,1887,FLOW
1883,1884,FLOW
1941,1885,HAS_BLOCK
1885,1889,FLOW
1885,1770,FLOW
1885,1770,UNWIND
1885,325,CALL
1941,1887,HAS_BLOCK
1887,1792,FLOW
1887,1770,FLOW
1887,1770,UNWIND
1941,1889,HAS_BLOCK
1889,1891,FLOW
1889,1770,FLOW
1889,1770,UNWIND
1941,1891,HAS_BLOCK
1891,1892,FLOW
1891,1893,FLOW
1891,1884,FLOW
1941,1892,HAS_BLOCK
1892,1895,FLOW
1892,1769,FLOW
1892,1769,UNWIND
1941,1893,HAS_BLOCK
1893,1793,FLOW
1893,1770,FLOW
1893,1770,UNWIND
1941,1895,HAS_BLOCK
1895,1897,FLOW
1895,1769,FLOW
1895,1769,UNWIND
1895,325,CALL
1941,1897,HAS_BLOCK
1897,1899,FLOW
1897,1769,FLOW
1897,1769,UNWIND
1941,1899,HAS_BLOCK
1899,1900,FLOW
1899,1902,FLOW
1899,1884,FLOW
1941,1900,HAS_BLOCK
1900,1904,FLOW
1900,1768,FLOW
1900,1768,UNWIND
1941,1902,HAS_BLOCK
1902,1794,FLOW
1902,1769,FLOW
1902,1769,UNWIND
1941,1904,HAS_BLOCK
1904,1906,FLOW
1904,1768,FLOW
1904,1768,UNWIND
1904,325,CALL
1941,1906,HAS_BLOCK
1906,1908,FLOW
1906,1768,FLOW
1906,1768,UNWIND
1941,1908,HAS_BLOCK
1908,1909,FLOW
1908,1911,FLOW
1908,1884,FLOW
1941,1909,HAS_BLOCK
1909,1913,FLOW
1909,1767,FLOW
1909,1767,UNWIND
1909,308,CALL
1941,1911,HAS_BLOCK
1911,1795,FLOW
1911,1768,FLOW
1911,1768,UNWIND
1941,1913,HAS_BLOCK
1913,1915,FLOW
1913,1767,FLOW
1913,1767,UNWIND
1941,1915,HAS_BLOCK
1915,1916,FLOW
1915,1918,FLOW
1915,1884,FLOW
1941,1916,HAS_BLOCK
1916,1922,FLOW
1916,1767,FLOW
1916,1767,UNWIND
1916,282,CALL
1941,1918,HAS_BLOCK
1918,1796,FLOW
1918,1767,FLOW
1918,1767,UNWIND
1941,1922,HAS_BLOCK
1922,1924,FLOW
1922,1767,FLOW
1922,1767,UNWIND
1922,282,CALL
1941,1924,HAS_BLOCK
1924,1926,FLOW
1924,1767,FLOW
1924,1767,UNWIND
1924,282,CALL
1941,1926,HAS_BLOCK
1926,1928,FLOW
1926,1767,FLOW
1926,1767,UNWIND
1926,358,CALL
1941,1928,HAS_BLOCK
1928,1930,FLOW
1928,1767,FLOW
1928,1767,UNWIND
1941,1930,HAS_BLOCK
1930,1931,FLOW
1930,1933,FLOW
1930,1884,FLOW
1941,1931,HAS_BLOCK
1931,1935,FLOW
1931,1767,FLOW
1931,1767,UNWIND
1941,1933,HAS_BLOCK
1933,1799,FLOW
1933,1767,FLOW
1933,1767,UNWIND
1941,1935,HAS_BLOCK
1935,1937,FLOW
1935,1766,FLOW
1935,1766,UNWIND
1941,1937,HAS_BLOCK
1937,1939,FLOW
1937,1766,FLOW
1937,1766,UNWIND
1941,1939,HAS_BLOCK
1939,1357,FLOW
1939,1766,FLOW
1939,1766,UNWIND
1941,1357,HAS_BLOCK
1357,1359,FLOW
1357,1766,FLOW
1357,1766,UNWIND
1357,299,CALL
1941,1359,HAS_BLOCK
1359,1361,FLOW
1359,1766,FLOW
1359,1766,UNWIND
1941,1361,HAS_BLOCK
1361,1362,FLOW
1361,1364,FLOW
1361,1884,FLOW
1941,1362,HAS_BLOCK
1362,1366,FLOW
1362,1766,FLOW
1362,1766,UNWIND
1941,1364,HAS_BLOCK
1364,1800,FLOW
1364,1766,FLOW
1364,1766,UNWIND
1941,1366,HAS_BLOCK
1366,1368,FLOW
1366,1766,FLOW
1366,1766,UNWIND
1941,1368,HAS_BLOCK
1368,1370,FLOW
1368,1766,FLOW
1368,1766,UNWIND
1941,1370,HAS_BLOCK
1370,1371,FLOW
1941,1371,HAS_BLOCK
1371,1373,FLOW
1371,1766,FLOW
1371,1766,UNWIND
1941,1373,HAS_BLOCK
1373,1377,FLOW
1373,1375,FLOW
1373,1884,FLOW
1941,1375,HAS_BLOCK
1375,1379,FLOW
1375,1766,FLOW
1375,1766,UNWIND
1941,1377,HAS_BLOCK
1377,1380,FLOW
1377,1766,FLOW
1377,1766,UNWIND
1941,1379,HAS_BLOCK
1379,1371,FLOW
1941,1380,HAS_BLOCK
1380,1382,FLOW
1380,1766,FLOW
1380,1766,UNWIND
1941,1382,HAS_BLOCK
1382,1383,FLOW
1382,1766,FLOW
1382,1766,UNWIND
1941,1383,HAS_BLOCK
1383,1385,FLOW
1383,1766,FLOW
1383,1766,UNWIND
1383,290,CALL
1941,1385,HAS_BLOCK
1385,1387,FLOW
1385,1766,FLOW
1385,1766,UNWIND
1941,1387,HAS_BLOCK
1387,1388,FLOW
1387,1389,FLOW
1387,1884,FLOW
1941,1388,HAS_BLOCK
1388,1395,FLOW
1388,1393,FLOW
1941,1389,HAS_BLOCK
1389,1801,FLOW
1389,1766,FLOW
1389,1766,UNWIND
1941,1393,HAS_BLOCK
1393,1396,FLOW
1393,1766,FLOW
1393,1766,UNWIND
1941,1395,HAS_BLOCK
1395,1397,FLOW
1395,1766,FLOW
1395,1766,UNWIND
1941,1396,HAS_BLOCK
1396,1744,FLOW
1941,1397,HAS_BLOCK
1397,1399,FLOW
1397,1766,FLOW
1397,1766,UNWIND
1397,325,CALL
1941,1399,HAS_BLOCK
1399,1401,FLOW
1399,1766,FLOW
1399,1766,UNWIND
1941,1401,HAS_BLOCK
1401,1402,FLOW
1401,1404,FLOW
1401,1884,FLOW
1941,1402,HAS_BLOCK
1402,1406,FLOW
1402,1765,FLOW
1402,1765,UNWIND
1402,308,CALL
1941,1404,HAS_BLOCK
1404,1802,FLOW
1404,1766,FLOW
1404,1766,UNWIND
1941,1406,HAS_BLOCK
1406,1408,FLOW
1406,1765,FLOW
1406,1765,UNWIND
1941,1408,HAS_BLOCK
1408,1410,FLOW
1408,1412,FLOW
1408,1884,FLOW
1941,1410,HAS_BLOCK
1410,1414,FLOW
1410,1765,FLOW
1410,1765,UNWIND
1410,282,CALL
1941,1412,HAS_BLOCK
1412,1803,FLOW
1412,1765,FLOW
1412,1765,UNWIND
1941,1414,HAS_BLOCK
1414,1416,FLOW
1414,1765,FLOW
1414,1765,UNWIND
1414,282,CALL
1941,1416,HAS_BLOCK
1416,1418,FLOW
1416,1765,FLOW
1416,1765,UNWIND
1416,282,CALL
1941,1418,HAS_BLOCK
1418,1420,FLOW
1418,1765,FLOW
1418,1765,UNWIND
1418,282,CALL
1941,1420,HAS_BLOCK
1420,1422,FLOW
1420,1765,FLOW
1420,1765,UNWIND
1420,282,CALL
1941,1422,HAS_BLOCK
1422,1424,FLOW
1422,1765,FLOW
1422,1765,UNWIND
1422,368,CALL
1941,1424,HAS_BLOCK
1424,1426,FLOW
1424,1765,FLOW
1424,1765,UNWIND
1941,1426,HAS_BLOCK
1426,1427,FLOW
1426,1431,FLOW
1426,1884,FLOW
1941,1427,HAS_BLOCK
1427,1433,FLOW
1427,1765,FLOW
1427,1765,UNWIND
1427,282,CALL
1941,1431,HAS_BLOCK
1431,1804,FLOW
1431,1765,FLOW
1431,1765,UNWIND
1941,1433,HAS_BLOCK
1433,1435,FLOW
1433,1765,FLOW
1433,1765,UNWIND
1433,282,CALL
1941,1435,HAS_BLOCK
1435,1437,FLOW
1435,1765,FLOW
1435,1765,UNWIND
1435,282,CALL
1941,1437,HAS_BLOCK
1437,1439,FLOW
1437,1765,FLOW
1437,1765,UNWIND
1437,282,CALL
1941,1439,HAS_BLOCK
1439,1441,FLOW
1439,1765,FLOW
1439,1765,UNWIND
1439,405,CALL
1941,1441,HAS_BLOCK
1441,1443,FLOW
1441,1765,FLOW
1441,1765,UNWIND
1941,1443,HAS_BLOCK
1443,1444,FLOW
1443,1446,FLOW
1443,1884,FLOW
1941,1444,HAS_BLOCK
1444,1448,FLOW
1444,1765,FLOW
1444,1765,UNWIND
1941,1446,HAS_BLOCK
1446,1805,FLOW
1446,1765,FLOW
1446,1765,UNWIND
1941,1448,HAS_BLOCK
1448,1452,FLOW
1448,1762,FLOW
1448,1762,UNWIND
1941,1452,HAS_BLOCK
1452,1454,FLOW
1452,1762,FLOW
1452,1762,UNWIND
1941,1454,HAS_BLOCK
1454,1456,FLOW
1454,1762,FLOW
1454,1762,UNWIND
1454,299,CALL
1941,1456,HAS_BLOCK
1456,1458,FLOW
1456,1762,FLOW
1456,1762,UNWIND
1941,1458,HAS_BLOCK
1458,1459,FLOW
1458,1461,FLOW
1458,1884,FLOW
1941,1459,HAS_BLOCK
1459,1463,FLOW
1459,1762,FLOW
1459,1762,UNWIND
1941,1461,HAS_BLOCK
1461,1806,FLOW
1461,1762,FLOW
1461,1762,UNWIND
1941,1463,HAS_BLOCK
1463,1465,FLOW
1463,1762,FLOW
1463,1762,UNWIND
1941,1465,HAS_BLOCK
1465,1467,FLOW
1465,1762,FLOW
1465,1762,UNWIND
1941,1467,HAS_BLOCK
1467,1468,FLOW
1941,1468,HAS_BLOCK
1468,1471,FLOW
1468,1762,FLOW
1468,1762,UNWIND
1941,1471,HAS_BLOCK
1471,1473,FLOW
1471,1472,FLOW
1471,1884,FLOW
1941,1472,HAS_BLOCK
1472,1468,FLOW
1941,1473,HAS_BLOCK
1473,1475,FLOW
1473,1762,FLOW
1473,1762,UNWIND
1941,1475,HAS_BLOCK
1475,1477,FLOW
1475,1762,FLOW
1475,1762,UNWIND
1941,1477,HAS_BLOCK
1477,1479,FLOW
1477,1762,FLOW
1477,1762,UNWIND
1477,290,CALL
1941,1479,HAS_BLOCK
1479,1481,FLOW
1479,1762,FLOW
1479,1762,UNWIND
1941,1481,HAS_BLOCK
1481,1482,FLOW
1481,1484,FLOW
1481,1884,FLOW
1941,1482,HAS_BLOCK
1482,1486,FLOW
1482,1762,FLOW
1482,1762,UNWIND
1482,282,CALL
1941,1484,HAS_BLOCK
1484,1807,FLOW
1484,1762,FLOW
1484,1762,UNWIND
1941,1486,HAS_BLOCK
1486,1490,FLOW
1486,1762,FLOW
1486,1762,UNWIND
1486,282,CALL
1941,1490,HAS_BLOCK
1490,1492,FLOW
1490,1762,FLOW
1490,1762,UNWIND
1490,417,CALL
1941,1492,HAS_BLOCK
1492,1494,FLOW
1492,1762,FLOW
1492,1762,UNWIND
1941,1494,HAS_BLOCK
1494,1495,FLOW
1494,1497,FLOW
1494,1884,FLOW
1941,1495,HAS_BLOCK
1495,1499,FLOW
1495,1762,FLOW
1495,1762,UNWIND
1941,1497,HAS_BLOCK
1497,1808,FLOW
1497,1762,FLOW
1497,1762,UNWIND
1941,1499,HAS_BLOCK
1499,1501,FLOW
1499,1762,FLOW
1499,1762,UNWIND
1941,1501,HAS_BLOCK
1501,1502,FLOW
1501,1762,FLOW
1501,1762,UNWIND
1941,1502,HAS_BLOCK
1502,1503,FLOW
1502,1762,FLOW
1502,1762,UNWIND
1941,1503,HAS_BLOCK
1503,1504,FLOW
1503,1762,FLOW
1503,1762,UNWIND
1941,1504,HAS_BLOCK
1504,1506,FLOW
1504,1762,FLOW
1504,1762,UNWIND
1941,1506,HAS_BLOCK
1506,1507,FLOW
1506,1762,FLOW
1506,1762,UNWIND
1941,1507,HAS_BLOCK
1507,1508,FLOW
1507,1762,FLOW
1507,1762,UNWIND
1941,1508,HAS_BLOCK
1508,1510,FLOW
1508,1762,FLOW
1508,1762,UNWIND
1508,325,CALL
1941,1510,HAS_BLOCK
1510,1512,FLOW
1510,1762,FLOW
1510,1762,UNWIND
1941,1512,HAS_BLOCK
1512,1513,FLOW
1512,1515,FLOW
1512,1884,FLOW
1941,1513,HAS_BLOCK
1513,1517,FLOW
1513,1761,FLOW
1513,1761,UNWIND
1513,308,CALL
1941,1515,HAS_BLOCK
1515,1811,FLOW
1515,1762,FLOW
1515,1762,UNWIND
1941,1517,HAS_BLOCK
1517,1519,FLOW
1517,1761,FLOW
1517,1761,UNWIND
1941,1519,HAS_BLOCK
1519,1520,FLOW
1519,1524,FLOW
1519,1884,FLOW
1941,1520,HAS_BLOCK
1520,1526,FLOW
1520,1761,FLOW
1520,1761,UNWIND
1520,325,CALL
1941,1524,HAS_BLOCK
1524,1812,FLOW
1524,1761,FLOW
1524,1761,UNWIND
1941,1526,HAS_BLOCK
1526,1528,FLOW
1526,1761,FLOW
1526,1761,UNWIND
1941,1528,HAS_BLOCK
1528,1529,FLOW
1528,1531,FLOW
1528,1884,FLOW
1941,1529,HAS_BLOCK
1529,1533,FLOW
1529,1760,FLOW
1529,1760,UNWIND
1529,282,CALL
1941,1531,HAS_BLOCK
1531,1813,FLOW
1531,1761,FLOW
1531,1761,UNWIND
1941,1533,HAS_BLOCK
1533,1535,FLOW
1533,1760,FLOW
1533,1760,UNWIND
1533,282,CALL
1941,1535,HAS_BLOCK
1535,1537,FLOW
1535,1760,FLOW
1535,1760,UNWIND
1535,282,CALL
1941,1537,HAS_BLOCK
1537,1539,FLOW
1537,1760,FLOW
1537,1760,UNWIND
1537,395,CALL
1941,1539,HAS_BLOCK
1539,1541,FLOW
1539,1760,FLOW
1539,1760,UNWIND
1941,1541,HAS_BLOCK
1541,1544,FLOW
1541,1546,FLOW
1541,1884,FLOW
1941,1544,HAS_BLOCK
1544,1548,FLOW
1544,1760,FLOW
1544,1760,UNWIND
1941,1546,HAS_BLOCK
1546,1814,FLOW
1546,1760,FLOW
1546,1760,UNWIND
1941,1548,HAS_BLOCK
1548,1550,FLOW
1548,1759,FLOW
1548,1759,UNWIND
1941,1550,HAS_BLOCK
1550,1552,FLOW
1550,1759,FLOW
1550,1759,UNWIND
1941,1552,HAS_BLOCK
1552,1554,FLOW
1552,1759,FLOW
1552,1759,UNWIND
1552,299,CALL
1941,1554,HAS_BLOCK
1554,1556,FLOW
1554,1759,FLOW
1554,1759,UNWIND
1941,1556,HAS_BLOCK
1556,1557,FLOW
1556,1559,FLOW
1556,1884,FLOW
1941,1557,HAS_BLOCK
1557,1561,FLOW
1557,1759,FLOW
1557,1759,UNWIND
1941,1559,HAS_BLOCK
1559,1815,FLOW
1559,1759,FLOW
1559,1759,UNWIND
1941,1561,HAS_BLOCK
1561,1565,FLOW
1561,1759,FLOW
1561,1759,UNWIND
1941,1565,HAS_BLOCK
1565,1567,FLOW
1565,1759,FLOW
1565,1759,UNWIND
1941,1567,HAS_BLOCK
1567,1568,FLOW
1941,1568,HAS_BLOCK
1568,1570,FLOW
1568,1759,FLOW
1568,1759,UNWIND
1941,1570,HAS_BLOCK
1570,1573,FLOW
1570,1571,FLOW
1570,1884,FLOW
1941,1571,HAS_BLOCK
1571,1575,FLOW
1571,1759,FLOW
1571,1759,UNWIND
1941,1573,HAS_BLOCK
1573,1576,FLOW
1573,1759,FLOW
1573,1759,UNWIND
1941,1575,HAS_BLOCK
1575,1568,FLOW
1941,1576,HAS_BLOCK
1576,1578,FLOW
1576,1759,FLOW
1576,1759,UNWIND
1941,1578,HAS_BLOCK
1578,1580,FLOW
1578,1759,FLOW
1578,1759,UNWIND
1578,290,CALL
1941,1580,HAS_BLOCK
1580,1584,FLOW
1580,1759,FLOW
1580,1759,UNWIND
1941,1584,HAS_BLOCK
1584,1585,FLOW
1584,1587,FLOW
1584,1884,FLOW
1941,1585,HAS_BLOCK
1585,1589,FLOW
1585,1759,FLOW
1585,1759,UNWIND
1585,282,CALL
1941,1587,HAS_BLOCK
1587,1816,FLOW
1587,1759,FLOW
1587,1759,UNWIND
1941,1589,HAS_BLOCK
1589,1591,FLOW
1589,1759,FLOW
1589,1759,UNWIND
1589,282,CALL
1941,1591,HAS_BLOCK
1591,1593,FLOW
1591,1759,FLOW
1591,1759,UNWIND
1591,282,CALL
1941,1593,HAS_BLOCK
1593,1595,FLOW
1593,1759,FLOW
1593,1759,UNWIND
1593,282,CALL
1941,1595,HAS_BLOCK
1595,1597,FLOW
1595,1759,FLOW
1595,1759,UNWIND
1595,381,CALL
1941,1597,HAS_BLOCK
1597,1599,FLOW
1597,1759,FLOW
1597,1759,UNWIND
1941,1599,HAS_BLOCK
1599,1600,FLOW
1599,1604,FLOW
1599,1884,FLOW
1941,1600,HAS_BLOCK
1600,1606,FLOW
1600,1759,FLOW
1600,1759,UNWIND
1600,340,CALL
1941,1604,HAS_BLOCK
1604,1817,FLOW
1604,1759,FLOW
1604,1759,UNWIND
1941,1606,HAS_BLOCK
1606,1608,FLOW
1606,1759,FLOW
1606,1759,UNWIND
1941,1608,HAS_BLOCK
1608,1609,FLOW
1608,1611,FLOW
1608,1884,FLOW
1941,1609,HAS_BLOCK
1609,1613,FLOW
1609,1759,FLOW
1609,1759,UNWIND
1941,1611,HAS_BLOCK
1611,1818,FLOW
1611,1759,FLOW
1611,1759,UNWIND
1941,1613,HAS_BLOCK
1613,1614,FLOW
1613,1759,FLOW
1613,1759,UNWIND
1941,1614,HAS_BLOCK
1614,1615,FLOW
1614,1759,FLOW
1614,1759,UNWIND
1941,1615,HAS_BLOCK
1615,1616,FLOW
1615,1759,FLOW
1615,1759,UNWIND
1941,1616,HAS_BLOCK
1616,1618,FLOW
1616,1759,FLOW
1616,1759,UNWIND
1616,325,CALL
1941,1618,HAS_BLOCK
1618,1621,FLOW
1618,1759,FLOW
1618,1759,UNWIND
1941,1621,HAS_BLOCK
1621,1622,FLOW
1621,1624,FLOW
1621,1884,FLOW
1941,1622,HAS_BLOCK
1622,1626,FLOW
1622,1758,FLOW
1622,1758,UNWIND
1941,1624,HAS_BLOCK
1624,1819,FLOW
1624,1759,FLOW
1624,1759,UNWIND
1941,1626,HAS_BLOCK
1626,1628,FLOW
1626,1758,FLOW
1626,1758,UNWIND
1626,325,CALL
1941,1628,HAS_BLOCK
1628,1630,FLOW
1628,1758,FLOW
1628,1758,UNWIND
1941,1630,HAS_BLOCK
1630,1631,FLOW
1630,1633,FLOW
1630,1884,FLOW
1941,1631,HAS_BLOCK
1631,1635,FLOW
1631,1757,FLOW
1631,1757,UNWIND
1941,1633,HAS_BLOCK
1633,1820,FLOW
1633,1758,FLOW
1633,1758,UNWIND
1941,1635,HAS_BLOCK
1635,1637,FLOW
1635,1757,FLOW
1635,1757,UNWIND
1941,1637,HAS_BLOCK
1637,1641,FLOW
1637,1756,FLOW
1637,1756,UNWIND
1941,1641,HAS_BLOCK
1641,1643,FLOW
1641,1756,FLOW
1641,1756,UNWIND
1941,1643,HAS_BLOCK
1643,1645,FLOW
1643,1756,FLOW
1643,1756,UNWIND
1941,1645,HAS_BLOCK
1645,1646,FLOW
1941,1646,HAS_BLOCK
1646,1648,FLOW
1646,1756,FLOW
1646,1756,UNWIND
1941,1648,HAS_BLOCK
1648,1651,FLOW
1648,1649,FLOW
1648,1884,FLOW
1941,1649,HAS_BLOCK
1649,1652,FLOW
1649,1756,FLOW
1649,1756,UNWIND
1649,308,CALL
1941,1651,HAS_BLOCK
1651,1712,FLOW
1651,1758,FLOW
1651,1758,UNWIND
1941,1652,HAS_BLOCK
1652,1654,FLOW
1652,1756,FLOW
1652,1756,UNWIND
1941,1654,HAS_BLOCK
1654,1655,FLOW
1654,1659,FLOW
1654,1884,FLOW
1941,1655,HAS_BLOCK
1655,1661,FLOW
1655,1756,FLOW
1655,1756,UNWIND
1941,1659,HAS_BLOCK
1659,1823,FLOW
1659,1756,FLOW
1659,1756,UNWIND
1941,1661,HAS_BLOCK
1661,1663,FLOW
1661,1756,FLOW
1661,1756,UNWIND
1941,1663,HAS_BLOCK
1663,1665,FLOW
1663,1756,FLOW
1663,1756,UNWIND
1663,290,CALL
1941,1665,HAS_BLOCK
1665,1667,FLOW
1665,1756,FLOW
1665,1756,UNWIND
1941,1667,HAS_BLOCK
1667,1668,FLOW
1667,1670,FLOW
1667,1884,FLOW
1941,1668,HAS_BLOCK
1668,1672,FLOW
1668,1756,FLOW
1668,1756,UNWIND
1668,282,CALL
1941,1670,HAS_BLOCK
1670,1824,FLOW
1670,1756,FLOW
1670,1756,UNWIND
1941,1672,HAS_BLOCK
1672,1674,FLOW
1672,1756,FLOW
1672,1756,UNWIND
1672,282,CALL
1941,1674,HAS_BLOCK
1674,1676,FLOW
1674,1756,FLOW
1674,1756,UNWIND
1674,282,CALL
1941,1676,HAS_BLOCK
1676,1679,FLOW
1676,1756,FLOW
1676,1756,UNWIND
1676,282,CALL
1941,1679,HAS_BLOCK
1679,1681,FLOW
1679,1756,FLOW
1679,1756,UNWIND
1679,282,CALL
1941,1681,HAS_BLOCK
1681,1683,FLOW
1681,1756,FLOW
1681,1756,UNWIND
1681,282,CALL
1941,1683,HAS_BLOCK
1683,1685,FLOW
1683,1756,FLOW
1683,1756,UNWIND
1683,426,CALL
1941,1685,HAS_BLOCK
1685,1687,FLOW
1685,1756,FLOW
1685,1756,UNWIND
1941,1687,HAS_BLOCK
1687,1688,FLOW
1687,1690,FLOW
1687,1884,FLOW
1941,1688,HAS_BLOCK
1688,1692,FLOW
1688,1756,FLOW
1688,1756,UNWIND
1941,1690,HAS_BLOCK
1690,1825,FLOW
1690,1756,FLOW
1690,1756,UNWIND
1941,1692,HAS_BLOCK
1692,1694,FLOW
1692,1780,FLOW
1692,1780,UNWIND
1941,1694,HAS_BLOCK
1694,1696,FLOW
1694,1780,FLOW
1694,1780,UNWIND
1941,1696,HAS_BLOCK
1696,1699,FLOW
1696,1780,FLOW
1696,1780,UNWIND
1941,1699,HAS_BLOCK
1699,1701,FLOW
1699,1780,FLOW
1699,1780,UNWIND
1699,299,CALL
1941,1701,HAS_BLOCK
1701,1703,FLOW
1701,1780,FLOW
1701,1780,UNWIND
1941,1703,HAS_BLOCK
1703,1704,FLOW
1703,1706,FLOW
1703,1884,FLOW
1941,1704,HAS_BLOCK
1704,1709,FLOW
1704,1780,FLOW
1704,1780,UNWIND
1941,1706,HAS_BLOCK
1706,1708,FLOW
1706,1780,FLOW
1706,1780,UNWIND
1941,1708,HAS_BLOCK
1708,1733,FLOW
1708,1756,FLOW
1708,1756,UNWIND
1941,1709,HAS_BLOCK
1709,1711,FLOW
1709,1780,FLOW
1709,1780,UNWIND
1941,1711,HAS_BLOCK
1711,1646,FLOW
1941,1712,HAS_BLOCK
1712,1713,FLOW
1712,1759,FLOW
1712,1759,UNWIND
1941,1713,HAS_BLOCK
1713,1716,FLOW
1713,1760,FLOW
1713,1760,UNWIND
1941,1716,HAS_BLOCK
1716,1717,FLOW
1716,1761,FLOW
1716,1761,UNWIND
1941,1717,HAS_BLOCK
1717,1718,FLOW
1717,1762,FLOW
1717,1762,UNWIND
1941,1718,HAS_BLOCK
1718,1719,FLOW
1718,1765,FLOW
1718,1765,UNWIND
1941,1719,HAS_BLOCK
1719,1720,FLOW
1719,1766,FLOW
1719,1766,UNWIND
1941,1720,HAS_BLOCK
1720,1721,FLOW
1720,1767,FLOW
1720,1767,UNWIND
1941,1721,HAS_BLOCK
1721,1722,FLOW
1721,1768,FLOW
1721,1768,UNWIND
1941,1722,HAS_BLOCK
1722,1723,FLOW
1722,1769,FLOW
1722,1769,UNWIND
1941,1723,HAS_BLOCK
1723,1724,FLOW
1723,1770,FLOW
1723,1770,UNWIND
1941,1724,HAS_BLOCK
1724,1725,FLOW
1724,1771,FLOW
1724,1771,UNWIND
1941,1725,HAS_BLOCK
1725,1730,FLOW
1725,1772,FLOW
1725,1772,UNWIND
1941,1730,HAS_BLOCK
1730,1731,FLOW
1730,1773,FLOW
1730,1773,UNWIND
1941,1731,HAS_BLOCK
1731,1732,FLOW
1731,1784,FLOW
1731,1784,UNWIND
1941,1732,HAS_BLOCK
1732,1755,FLOW
1941,1733,HAS_BLOCK
1733,1734,FLOW
1941,1734,HAS_BLOCK
1734,1735,FLOW
1734,1757,FLOW
1734,1757,UNWIND
1941,1735,HAS_BLOCK
1735,1736,FLOW
1735,1758,FLOW
1735,1758,UNWIND
1941,1736,HAS_BLOCK
1736,1737,FLOW
1736,1759,FLOW
1736,1759,UNWIND
1941,1737,HAS_BLOCK
1737,1738,FLOW
1737,1760,FLOW
1737,1760,UNWIND
1941,1738,HAS_BLOCK
1738,1739,FLOW
1738,1761,FLOW
1738,1761,UNWIND
1941,1739,HAS_BLOCK
1739,1742,FLOW
1739,1762,FLOW
1739,1762,UNWIND
1941,1742,HAS_BLOCK
1742,1743,FLOW
1742,1765,FLOW
1742,1765,UNWIND
1941,1743,HAS_BLOCK
1743,1744,FLOW
1743,1766,FLOW
1743,1766,UNWIND
1941,1744,HAS_BLOCK
1744,1745,FLOW
1744,1767,FLOW
1744,1767,UNWIND
1941,1745,HAS_BLOCK
1745,1746,FLOW
1745,1768,FLOW
1745,1768,UNWIND
1941,1746,HAS_BLOCK
1746,1747,FLOW
1746,1769,FLOW
1746,1769,UNWIND
1941,1747,HAS_BLOCK
1747,1748,FLOW
1747,1770,FLOW
1747,1770,UNWIND
1941,1748,HAS_BLOCK
1748,1749,FLOW
1748,1771,FLOW
1748,1771,UNWIND
1941,1749,HAS_BLOCK
1749,1750,FLOW
1749,1772,FLOW
1749,1772,UNWIND
1941,1750,HAS_BLOCK
1750,1751,FLOW
1750,1773,FLOW
1750,1773,UNWIND
1941,1751,HAS_BLOCK
1751,1753,FLOW
1751,1784,FLOW
1751,1784,UNWIND
1941,1753,HAS_BLOCK
1753,1754,FLOW
1753,1776,FLOW
1941,1754,HAS_BLOCK
1754,1778,FLOW
1941,1755,HAS_BLOCK
1755,1941,RETURN
1941,1756,HAS_BLOCK
1756,1757,FLOW
1941,1757,HAS_BLOCK
1757,1758,FLOW
1941,1758,HAS_BLOCK
1758,1759,FLOW
1941,1759,HAS_BLOCK
1759,1760,FLOW
1941,1760,HAS_BLOCK
1760,1761,FLOW
1941,1761,HAS_BLOCK
1761,1762,FLOW
1941,1762,HAS_BLOCK
1762,1765,FLOW
1941,1765,HAS_BLOCK
1765,1766,FLOW
1941,1766,HAS_BLOCK
1766,1767,FLOW
1941,1767,HAS_BLOCK
1767,1768,FLOW
1941,1768,HAS_BLOCK
1768,1769,FLOW
1941,1769,HAS_BLOCK
1769,1770,FLOW
1941,1770,HAS_BLOCK
1770,1771,FLOW
1941,1771,HAS_BLOCK
1771,1772,FLOW
1941,1772,HAS_BLOCK
1772,1773,FLOW
1941,1773,HAS_BLOCK
1773,1784,FLOW
1941,1774,HAS_BLOCK
1941,1776,HAS_BLOCK
1776,1754,FLOW
1776,1787,FLOW
1776,1787,UNWIND
1941,1777,HAS_BLOCK
1777,1755,FLOW
1941,1778,HAS_BLOCK
1778,1755,FLOW
1778,1777,FLOW
1941,1779,HAS_BLOCK
1779,1756,FLOW
1941,1780,HAS_BLOCK
1780,1756,FLOW
1780,1779,FLOW
1941,1781,HAS_BLOCK
1781,1773,FLOW
1941,1782,HAS_BLOCK
1782,1773,FLOW
1782,1781,FLOW
1941,1783,HAS_BLOCK
1783,1787,FLOW
1941,1784,HAS_BLOCK
1784,1787,FLOW
1784,1783,FLOW
1941,1785,HAS_BLOCK
1785,1774,FLOW
1941,1787,HAS_BLOCK
1787,1774,FLOW
1787,1785,FLOW
1941,1788,HAS_BLOCK
1788,1754,FLOW
1941,1789,HAS_BLOCK
1789,1750,FLOW
1941,1790,HAS_BLOCK
1790,1749,FLOW
1941,1791,HAS_BLOCK
1791,1749,FLOW
1941,1792,HAS_BLOCK
1792,1748,FLOW
1941,1793,HAS_BLOCK
1793,1748,FLOW
1941,1794,HAS_BLOCK
1794,1747,FLOW
1941,1795,HAS_BLOCK
1795,1746,FLOW
1941,1796,HAS_BLOCK
1796,1745,FLOW
1941,1799,HAS_BLOCK
1799,1745,FLOW
1941,1800,HAS_BLOCK
1800,1744,FLOW
1941,1801,HAS_BLOCK
1801,1744,FLOW
1941,1802,HAS_BLOCK
1802,1744,FLOW
1941,1803,HAS_BLOCK
1803,1743,FLOW
1941,1804,HAS_BLOCK
1804,1743,FLOW
1941,1805,HAS_BLOCK
1805,1743,FLOW
1941,1806,HAS_BLOCK
1806,1742,FLOW
1941,1807,HAS_BLOCK
1807,1742,FLOW
1941,1808,HAS_BLOCK
1808,1742,FLOW
1941,1811,HAS_BLOCK
1811,1742,FLOW
1941,1812,HAS_BLOCK
1812,1739,FLOW
1941,1813,HAS_BLOCK
1813,1739,FLOW
1941,1814,HAS_BLOCK
1814,1738,FLOW
1941,1815,HAS_BLOCK
1815,1737,FLOW
1941,1816,HAS_BLOCK
1816,1737,FLOW
1941,1817,HAS_BLOCK
1817,1737,FLOW
1941,1818,HAS_BLOCK
1818,1737,FLOW
1941,1819,HAS_BLOCK
1819,1737,FLOW
1941,1820,HAS_BLOCK
1820,1736,FLOW
1941,1823,HAS_BLOCK
1823,1734,FLOW
1941,1824,HAS_BLOCK
1824,1734,FLOW
1941,1825,HAS_BLOCK
1825,1734,FLOW
1972,1973,HAS_PARAM
1972,1974,HAS_PARAM
1972,1975,HAS_PARAM
1972,1945,HAS_BLOCK
1945,1947,FLOW
1945,1955,FLOW
1945,1955,UNWIND
1972,1947,HAS_BLOCK
1947,1960,FLOW
1947,1954,FLOW
1947,1954,UNWIND
1947,1941,CALL
1972,1960,HAS_BLOCK
1960,1962,FLOW
1960,1954,FLOW
1960,1954,UNWIND
1972,1962,HAS_BLOCK
1962,1964,FLOW
1962,1965,FLOW
1962,1963,FLOW
1972,1963,HAS_BLOCK
1972,1964,HAS_BLOCK
1964,1968,FLOW
1964,1958,FLOW
1964,1958,UNWIND
1972,1965,HAS_BLOCK
1965,1967,FLOW
1965,1954,FLOW
1965,1954,UNWIND
1972,1967,HAS_BLOCK
1967,1951,FLOW
1972,1968,HAS_BLOCK
1968,1970,FLOW
1968,1958,FLOW
1968,1958,UNWIND
1972,1970,HAS_BLOCK
1970,1948,FLOW
1970,1953,FLOW
1970,1953,UNWIND
1972,1948,HAS_BLOCK
1948,1950,FLOW
1948,1953,FLOW
1948,1953,UNWIND
1972,1950,HAS_BLOCK
1950,1952,FLOW
1972,1951,HAS_BLOCK
1951,1952,FLOW
1972,1952,HAS_BLOCK
1952,1972,RETURN
1972,1953,HAS_BLOCK
1953,1956,FLOW
1972,1954,HAS_BLOCK
1954,1956,FLOW
1972,1955,HAS_BLOCK
1955,1956,FLOW
1972,1956,HAS_BLOCK
1972,1957,HAS_BLOCK
1957,1956,FLOW
1972,1958,HAS_BLOCK
1958,1956,FLOW
1958,1957,FLOW
107,108,HAS_PARAM
107,109,HAS_PARAM
107,104,HAS_BLOCK
104,106,FLOW
107,106,HAS_BLOCK
106,107,RETURN
113,114,HAS_PARAM
113,115,HAS_PARAM
113,110,HAS_BLOCK
110,112,FLOW
113,112,HAS_BLOCK
112,113,RETURN
325,326,HAS_PARAM
325,311,HAS_BLOCK
311,313,FLOW
325,313,HAS_BLOCK
313,315,FLOW
313,349,CALL
325,315,HAS_BLOCK
315,317,FLOW
315,332,CALL
325,317,HAS_BLOCK
317,319,FLOW
325,319,HAS_BLOCK
319,321,FLOW
319,322,FLOW
319,320,FLOW
325,320,HAS_BLOCK
325,321,HAS_BLOCK
321,324,FLOW
325,322,HAS_BLOCK
322,324,FLOW
325,324,HAS_BLOCK
324,325,RETURN
282,283,HAS_PARAM
282,281,HAS_BLOCK
281,282,RETURN
308,309,HAS_PARAM
308,310,HAS_PARAM
308,303,HAS_BLOCK
303,305,FLOW
303,351,CALL
308,305,HAS_BLOCK
305,307,FLOW
305,332,CALL
308,307,HAS_BLOCK
307,308,RETURN
290,291,HAS_PARAM
290,292,HAS_PARAM
290,293,HAS_PARAM
290,285,HAS_BLOCK
285,287,FLOW
285,350,CALL
290,287,HAS_BLOCK
287,289,FLOW
287,332,CALL
290,289,HAS_BLOCK
289,290,RETURN
299,300,HAS_PARAM
299,301,HAS_PARAM
299,302,HAS_PARAM
299,294,HAS_BLOCK
294,296,FLOW
294,350,CALL
299,296,HAS_BLOCK
296,298,FLOW
296,332,CALL
299,298,HAS_BLOCK
298,299,RETURN
128,129,HAS_PARAM
128,119,HAS_BLOCK
119,121,FLOW
128,121,HAS_BLOCK
121,122,FLOW
121,127,FLOW
128,122,HAS_BLOCK
122,124,FLOW
122,348,CALL
128,124,HAS_BLOCK
124,126,FLOW
128,126,HAS_BLOCK
126,127,FLOW
128,127,HAS_BLOCK
127,128,RETURN
193,194,HAS_PARAM
193,195,HAS_PARAM
193,181,HAS_BLOCK
181,190,FLOW
181,189,FLOW
181,188,FLOW
181,187,FLOW
181,186,FLOW
181,185,FLOW
181,184,FLOW
181,182,FLOW
193,182,HAS_BLOCK
193,184,HAS_BLOCK
184,191,FLOW
193,185,HAS_BLOCK
185,191,FLOW
193,186,HAS_BLOCK
186,191,FLOW
193,187,HAS_BLOCK
187,191,FLOW
193,188,HAS_BLOCK
188,191,FLOW
193,189,HAS_BLOCK
189,191,FLOW
193,190,HAS_BLOCK
190,191,FLOW
193,191,HAS_BLOCK
191,183,FLOW
193,183,HAS_BLOCK
183,193,RETURN
172,173,HAS_PARAM
172,171,HAS_BLOCK
171,172,RETURN
178,179,HAS_PARAM
178,180,HAS_PARAM
178,177,HAS_BLOCK
177,178,RETURN
175,176,HAS_PARAM
175,174,HAS_BLOCK
174,175,RETURN
138,139,HAS_PARAM
138,140,HAS_PARAM
138,131,HAS_BLOCK
131,135,FLOW
131,133,FLOW
131,132,FLOW
138,132,HAS_BLOCK
138,133,HAS_BLOCK
133,137,FLOW
138,135,HAS_BLOCK
135,137,FLOW
138,137,HAS_BLOCK
137,138,RETURN
157,158,HAS_PARAM
157,159,HAS_PARAM
157,142,HAS_BLOCK
142,146,FLOW
142,144,FLOW
142,143,FLOW
157,143,HAS_BLOCK
157,144,HAS_BLOCK
144,152,FLOW
157,146,HAS_BLOCK
146,148,FLOW
157,148,HAS_BLOCK
148,150,FLOW
157,150,HAS_BLOCK
150,156,FLOW
157,152,HAS_BLOCK
152,154,FLOW
157,154,HAS_BLOCK
154,156,FLOW
157,156,HAS_BLOCK
156,157,RETURN
550,547,HAS_BLOCK
547,549,FLOW
550,549,HAS_BLOCK
549,550,RETURN
571,572,HAS_PARAM
571,573,HAS_PARAM
571,568,HAS_BLOCK
568,570,FLOW
571,570,HAS_BLOCK
570,571,RETURN
559,560,HAS_PARAM
559,561,HAS_PARAM
559,556,HAS_BLOCK
556,558,FLOW
559,558,HAS_BLOCK
558,559,RETURN
565,566,HAS_PARAM
565,567,HAS_PARAM
565,562,HAS_BLOCK
562,564,FLOW
565,564,HAS_BLOCK
564,565,RETURN
593,594,HAS_PARAM
593,595,HAS_PARAM
593,584,HAS_BLOCK
584,585,FLOW
593,585,HAS_BLOCK
585,590,FLOW
585,586,FLOW
593,586,HAS_BLOCK
586,588,FLOW
586,559,CALL
593,588,HAS_BLOCK
588,589,FLOW
593,589,HAS_BLOCK
589,585,FLOW
593,590,HAS_BLOCK
590,592,FLOW
590,559,CALL
593,592,HAS_BLOCK
592,593,RETURN
581,582,HAS_PARAM
581,583,HAS_PARAM
581,574,HAS_BLOCK
574,576,FLOW
581,576,HAS_BLOCK
576,578,FLOW
576,593,CALL
581,578,HAS_BLOCK
578,580,FLOW
578,565,CALL
581,580,HAS_BLOCK
580,581,RETURN
545,546,HAS_PARAM
545,542,HAS_BLOCK
542,544,FLOW
545,544,HAS_BLOCK
544,545,RETURN
554,555,HAS_PARAM
554,551,HAS_BLOCK
551,553,FLOW
554,553,HAS_BLOCK
553,554,RETURN
514,511,HAS_BLOCK
511,513,FLOW
511,550,CALL
514,513,HAS_BLOCK
513,514,RETURN
524,525,HAS_PARAM
524,526,HAS_PARAM
524,519,HAS_BLOCK
519,521,FLOW
519,571,CALL
524,521,HAS_BLOCK
521,523,FLOW
521,581,CALL
524,523,HAS_BLOCK
523,524,RETURN
495,496,HAS_PARAM
495,497,HAS_PARAM
495,490,HAS_BLOCK
490,492,FLOW
490,571,CALL
495,492,HAS_BLOCK
492,494,FLOW
492,593,CALL
495,494,HAS_BLOCK
494,495,RETURN
456,457,HAS_PARAM
456,452,HAS_BLOCK
452,454,FLOW
452,571,CALL
456,454,HAS_BLOCK
454,455,FLOW
456,455,HAS_BLOCK
455,456,RETURN
537,538,HAS_PARAM
537,533,HAS_BLOCK
533,535,FLOW
533,571,CALL
537,535,HAS_BLOCK
535,536,FLOW
537,536,HAS_BLOCK
536,537,RETURN
531,532,HAS_PARAM
531,527,HAS_BLOCK
527,529,FLOW
527,571,CALL
531,529,HAS_BLOCK
529,530,FLOW
531,530,HAS_BLOCK
530,531,RETURN
466,467,HAS_PARAM
466,458,HAS_BLOCK
458,463,FLOW
458,459,FLOW
466,459,HAS_BLOCK
459,461,FLOW
466,461,HAS_BLOCK
466,463,HAS_BLOCK
463,465,FLOW
463,571,CALL
466,465,HAS_BLOCK
465,466,RETURN
487,488,HAS_PARAM
487,489,HAS_PARAM
487,469,HAS_BLOCK
469,471,FLOW
469,571,CALL
487,471,HAS_BLOCK
471,474,FLOW
487,474,HAS_BLOCK
474,476,FLOW
474,486,FLOW
474,486,UNWIND
487,476,HAS_BLOCK
476,478,FLOW
476,486,FLOW
476,486,UNWIND
487,478,HAS_BLOCK
478,480,FLOW
478,486,FLOW
478,486,UNWIND
487,480,HAS_BLOCK
480,482,FLOW
480,486,FLOW
480,486,UNWIND
487,482,HAS_BLOCK
482,484,FLOW
482,486,FLOW
482,486,UNWIND
482,581,CALL
487,484,HAS_BLOCK
484,485,FLOW
487,485,HAS_BLOCK
485,487,RETURN
487,486,HAS_BLOCK
486,472,FLOW
487,472,HAS_BLOCK
450,451,HAS_PARAM
450,449,HAS_BLOCK
449,450,RETURN
517,518,HAS_PARAM
517,516,HAS_BLOCK
516,517,RETURN
509,510,HAS_PARAM
509,498,HAS_BLOCK
498,499,FLOW
498,503,FLOW
509,499,HAS_BLOCK
499,501,FLOW
499,507,FLOW
499,507,UNWIND
509,501,HAS_BLOCK
501,507,FLOW
501,507,UNWIND
509,503,HAS_BLOCK
503,505,FLOW
503,507,FLOW
503,507,UNWIND
503,554,CALL
509,505,HAS_BLOCK
505,506,FLOW
509,506,HAS_BLOCK
506,509,RETURN
509,507,HAS_BLOCK
507,508,FLOW
509,508,HAS_BLOCK
443,444,HAS_PARAM
443,442,HAS_BLOCK
442,443,RETURN
446,447,HAS_PARAM
446,445,HAS_BLOCK
445,446,RETURN
168,169,HAS_PARAM
168,170,HAS_PARAM
168,165,HAS_BLOCK
165,167,FLOW
168,167,HAS_BLOCK
167,168,RETURN
163,164,HAS_PARAM
163,160,HAS_BLOCK
160,162,FLOW
163,162,HAS_BLOCK
162,163,RETURN
1244,1245,HAS_PARAM
1244,1235,HAS_BLOCK
1235,1237,FLOW
1244,1237,HAS_BLOCK
1237,1239,FLOW
1244,1239,HAS_BLOCK
1239,1241,FLOW
1239,1242,FLOW
1239,1242,UNWIND
1244,1241,HAS_BLOCK
1241,1244,RETURN
1244,1242,HAS_BLOCK
1242,1243,FLOW
1244,1243,HAS_BLOCK
1227,1228,HAS_PARAM
1227,1223,HAS_BLOCK
1223,1224,FLOW
1227,1224,HAS_BLOCK
1224,1226,FLOW
1227,1226,HAS_BLOCK
1226,1227,RETURN
1263,1264,HAS_PARAM
1263,1246,HAS_BLOCK
1246,1248,FLOW
1246,1227,CALL
1263,1248,HAS_BLOCK
1248,1251,FLOW
1248,1250,FLOW
1263,1250,HAS_BLOCK
1250,1260,FLOW
1263,1251,HAS_BLOCK
1251,1253,FLOW
1263,1253,HAS_BLOCK
1253,1255,FLOW
1263,1255,HAS_BLOCK
1255,1257,FLOW
1263,1257,HAS_BLOCK
1257,1259,FLOW
1263,1259,HAS_BLOCK
1259,1249,FLOW
1263,1260,HAS_BLOCK
1260,1262,FLOW
1263,1262,HAS_BLOCK
1262,1249,FLOW
1263,1249,HAS_BLOCK
1249,1263,RETURN
1282,1283,HAS_PARAM
1282,1265,HAS_BLOCK
1265,1267,FLOW
1265,1227,CALL
1282,1267,HAS_BLOCK
1267,1270,FLOW
1267,1269,FLOW
1282,1269,HAS_BLOCK
1269,1279,FLOW
1282,1270,HAS_BLOCK
1270,1272,FLOW
1282,1272,HAS_BLOCK
1272,1274,FLOW
1282,1274,HAS_BLOCK
1274,1276,FLOW
1282,1276,HAS_BLOCK
1276,1278,FLOW
1282,1278,HAS_BLOCK
1278,1268,FLOW
1282,1279,HAS_BLOCK
1279,1281,FLOW
1282,1281,HAS_BLOCK
1281,1268,FLOW
1282,1268,HAS_BLOCK
1268,1282,RETURN
1286,1287,HAS_PARAM
1286,1285,HAS_BLOCK
1285,1286,RETURN
1328,1329,HAS_PARAM
1328,1330,HAS_PARAM
1328,1331,HAS_PARAM
1328,1316,HAS_BLOCK
1316,1317,FLOW
1328,1317,HAS_BLOCK
1317,1318,FLOW
1328,1318,HAS_BLOCK
1318,1320,FLOW
1328,1320,HAS_BLOCK
1320,1322,FLOW
1328,1322,HAS_BLOCK
1322,1324,FLOW
1322,1326,FLOW
1322,1326,UNWIND
1328,1324,HAS_BLOCK
1324,1325,FLOW
1328,1325,HAS_BLOCK
1325,1328,RETURN
1328,1326,HAS_BLOCK
1326,1327,FLOW
1328,1327,HAS_BLOCK
1220,1221,HAS_PARAM
1220,1222,HAS_PARAM
1220,1196,HAS_BLOCK
1196,1198,FLOW
1196,1263,CALL
1220,1198,HAS_BLOCK
1198,1207,FLOW
1220,1207,HAS_BLOCK
1207,1209,FLOW
1207,1210,FLOW
1207,1208,FLOW
1220,1208,HAS_BLOCK
1220,1209,HAS_BLOCK
1209,1204,FLOW
1209,1212,FLOW
1220,1210,HAS_BLOCK
1210,1205,FLOW
1220,1212,HAS_BLOCK
1212,1214,FLOW
1220,1214,HAS_BLOCK
1214,1216,FLOW
1220,1216,HAS_BLOCK
1216,1218,FLOW
1220,1218,HAS_BLOCK
1218,1199,FLOW
1220,1199,HAS_BLOCK
1199,1201,FLOW
1220,1201,HAS_BLOCK
1201,1203,FLOW
1220,1203,HAS_BLOCK
1203,1205,FLOW
1220,1204,HAS_BLOCK
1204,1205,FLOW
1220,1205,HAS_BLOCK
1205,1220,RETURN
1313,1314,HAS_PARAM
1313,1315,HAS_PARAM
1313,1296,HAS_BLOCK
1296,1298,FLOW
1296,1227,CALL
1313,1298,HAS_BLOCK
1298,1304,FLOW
1298,1302,FLOW
1313,1302,HAS_BLOCK
1302,1305,FLOW
1302,1282,CALL
1313,1304,HAS_BLOCK
1304,1301,FLOW
1313,1305,HAS_BLOCK
1305,1307,FLOW
1313,1307,HAS_BLOCK
1307,1309,FLOW
1307,1310,FLOW
1307,1308,FLOW
1313,1308,HAS_BLOCK
1313,1309,HAS_BLOCK
1309,1300,FLOW
1309,1312,FLOW
1313,1310,HAS_BLOCK
1310,1301,FLOW
1313,1312,HAS_BLOCK
1312,1299,FLOW
1313,1299,HAS_BLOCK
1299,1301,FLOW
1313,1300,HAS_BLOCK
1300,1301,FLOW
1313,1301,HAS_BLOCK
1301,1313,RETURN
1173,1174,HAS_PARAM
1173,1175,HAS_PARAM
1173,1158,HAS_BLOCK
1158,1160,FLOW
1173,1160,HAS_BLOCK
1160,1162,FLOW
1173,1162,HAS_BLOCK
1162,1164,FLOW
1173,1164,HAS_BLOCK
1164,1166,FLOW
1173,1166,HAS_BLOCK
1166,1168,FLOW
1173,1168,HAS_BLOCK
1168,1170,FLOW
1173,1170,HAS_BLOCK
1170,1172,FLOW
1173,1172,HAS_BLOCK
1172,1173,RETURN
1193,1194,HAS_PARAM
1193,1195,HAS_PARAM
1193,1176,HAS_BLOCK
1176,1177,FLOW
1193,1177,HAS_BLOCK
1177,1179,FLOW
1193,1179,HAS_BLOCK
1179,1180,FLOW
1193,1180,HAS_BLOCK
1180,1182,FLOW
1193,1182,HAS_BLOCK
1182,1184,FLOW
1193,1184,HAS_BLOCK
1184,1186,FLOW
1193,1186,HAS_BLOCK
1186,1188,FLOW
1193,1188,HAS_BLOCK
1188,1190,FLOW
1193,1190,HAS_BLOCK
1190,1192,FLOW
1193,1192,HAS_BLOCK
1192,1193,RETURN
1349,1350,HAS_PARAM
1349,1351,HAS_PARAM
1349,1332,HAS_BLOCK
1332,1333,FLOW
1349,1333,HAS_BLOCK
1333,1335,FLOW
1349,1335,HAS_BLOCK
1335,1336,FLOW
1349,1336,HAS_BLOCK
1336,1338,FLOW
1349,1338,HAS_BLOCK
1338,1340,FLOW
1349,1340,HAS_BLOCK
1340,1342,FLOW
1349,1342,HAS_BLOCK
1342,1344,FLOW
1349,1344,HAS_BLOCK
1344,1346,FLOW
1349,1346,HAS_BLOCK
1346,1348,FLOW
1349,1348,HAS_BLOCK
1348,1349,RETURN
1232,1233,HAS_PARAM
1232,1229,HAS_BLOCK
1229,1231,FLOW
1232,1231,HAS_BLOCK
1231,1232,RETURN
1294,1295,HAS_PARAM
1294,1288,HAS_BLOCK
1288,1290,FLOW
1294,1290,HAS_BLOCK
1290,1291,FLOW
1290,1292,FLOW
1290,1293,FLOW
1294,1291,HAS_BLOCK
1291,1292,FLOW
1294,1292,HAS_BLOCK
1292,1294,RETURN
1294,1293,HAS_BLOCK
1005,1006,HAS_PARAM
1005,998,HAS_BLOCK
998,1000,FLOW
998,1244,CALL
1005,1000,HAS_BLOCK
1000,1002,FLOW
1000,1003,FLOW
1000,1003,UNWIND
1000,514,CALL
1005,1002,HAS_BLOCK
1002,1005,RETURN
1005,1003,HAS_BLOCK
1003,1004,FLOW
1005,1004,HAS_BLOCK
636,637,HAS_PARAM
636,601,HAS_BLOCK
601,603,FLOW
601,618,FLOW
601,618,UNWIND
601,1220,CALL
636,603,HAS_BLOCK
603,620,FLOW
603,618,FLOW
603,618,UNWIND
636,620,HAS_BLOCK
620,626,FLOW
620,628,FLOW
620,625,FLOW
636,625,HAS_BLOCK
636,626,HAS_BLOCK
626,630,FLOW
626,618,FLOW
626,618,UNWIND
626,976,CALL
636,628,HAS_BLOCK
628,622,FLOW
628,618,FLOW
628,618,UNWIND
636,630,HAS_BLOCK
630,632,FLOW
630,618,FLOW
630,618,UNWIND
636,632,HAS_BLOCK
632,633,FLOW
632,634,FLOW
632,625,FLOW
636,633,HAS_BLOCK
633,604,FLOW
633,606,FLOW
636,634,HAS_BLOCK
634,623,FLOW
634,618,FLOW
634,618,UNWIND
636,604,HAS_BLOCK
604,624,FLOW
604,618,FLOW
604,618,UNWIND
604,531,CALL
636,606,HAS_BLOCK
606,608,FLOW
606,618,FLOW
606,618,UNWIND
606,466,CALL
636,608,HAS_BLOCK
608,610,FLOW
608,618,FLOW
608,618,UNWIND
608,443,CALL
636,610,HAS_BLOCK
610,612,FLOW
610,618,FLOW
610,618,UNWIND
610,554,CALL
636,612,HAS_BLOCK
612,614,FLOW
612,617,FLOW
612,617,UNWIND
612,517,CALL
636,614,HAS_BLOCK
614,616,FLOW
636,615,HAS_BLOCK
615,616,FLOW
636,616,HAS_BLOCK
616,636,RETURN
636,617,HAS_BLOCK
617,618,FLOW
636,618,HAS_BLOCK
618,621,FLOW
636,621,HAS_BLOCK
636,622,HAS_BLOCK
622,615,FLOW
636,623,HAS_BLOCK
623,615,FLOW
636,624,HAS_BLOCK
624,606,FLOW
976,977,HAS_PARAM
976,959,HAS_BLOCK
959,961,FLOW
959,1282,CALL
976,961,HAS_BLOCK
961,964,FLOW
976,964,HAS_BLOCK
964,966,FLOW
964,967,FLOW
964,965,FLOW
976,965,HAS_BLOCK
976,966,HAS_BLOCK
966,973,FLOW
966,971,FLOW
966,969,FLOW
976,967,HAS_BLOCK
967,962,FLOW
976,969,HAS_BLOCK
969,975,FLOW
969,1349,CALL
976,971,HAS_BLOCK
971,962,FLOW
971,885,CALL
976,973,HAS_BLOCK
973,962,FLOW
973,690,CALL
976,975,HAS_BLOCK
975,962,FLOW
976,962,HAS_BLOCK
962,976,RETURN
690,691,HAS_PARAM
690,638,HAS_BLOCK
638,640,FLOW
638,1220,CALL
690,640,HAS_BLOCK
640,658,FLOW
690,658,HAS_BLOCK
658,680,FLOW
658,682,FLOW
658,673,FLOW
690,673,HAS_BLOCK
690,680,HAS_BLOCK
680,684,FLOW
680,1282,CALL
690,682,HAS_BLOCK
682,671,FLOW
690,684,HAS_BLOCK
684,686,FLOW
690,686,HAS_BLOCK
686,687,FLOW
686,688,FLOW
686,673,FLOW
690,687,HAS_BLOCK
687,677,FLOW
687,675,FLOW
690,688,HAS_BLOCK
688,671,FLOW
690,641,HAS_BLOCK
641,671,FLOW
690,642,HAS_BLOCK
642,644,FLOW
690,644,HAS_BLOCK
644,645,FLOW
644,647,FLOW
644,673,FLOW
690,645,HAS_BLOCK
645,649,FLOW
645,672,FLOW
645,672,UNWIND
690,647,HAS_BLOCK
647,671,FLOW
690,649,HAS_BLOCK
649,653,FLOW
649,650,FLOW
690,650,HAS_BLOCK
650,652,FLOW
650,672,FLOW
650,672,UNWIND
650,1173,CALL
690,652,HAS_BLOCK
652,670,FLOW
690,653,HAS_BLOCK
653,655,FLOW
653,672,FLOW
653,672,UNWIND
690,655,HAS_BLOCK
655,659,FLOW
655,672,FLOW
655,672,UNWIND
655,993,CALL
690,659,HAS_BLOCK
659,661,FLOW
659,672,FLOW
659,672,UNWIND
659,1227,CALL
690,661,HAS_BLOCK
661,669,FLOW
661,662,FLOW
690,662,HAS_BLOCK
662,664,FLOW
662,672,FLOW
662,672,UNWIND
662,976,CALL
690,664,HAS_BLOCK
664,666,FLOW
664,672,FLOW
664,672,UNWIND
690,666,HAS_BLOCK
666,669,FLOW
666,667,FLOW
666,673,FLOW
690,667,HAS_BLOCK
667,679,FLOW
667,672,FLOW
667,672,UNWIND
690,669,HAS_BLOCK
669,671,FLOW
690,670,HAS_BLOCK
670,671,FLOW
690,671,HAS_BLOCK
671,690,RETURN
690,672,HAS_BLOCK
672,674,FLOW
690,674,HAS_BLOCK
690,675,HAS_BLOCK
675,641,FLOW
675,1349,CALL
690,677,HAS_BLOCK
677,642,FLOW
677,1093,CALL
690,679,HAS_BLOCK
679,670,FLOW
885,886,HAS_PARAM
885,780,HAS_BLOCK
780,782,FLOW
780,1220,CALL
885,782,HAS_BLOCK
782,800,FLOW
885,800,HAS_BLOCK
800,835,FLOW
800,851,FLOW
800,818,FLOW
885,818,HAS_BLOCK
885,835,HAS_BLOCK
835,870,FLOW
835,1282,CALL
885,851,HAS_BLOCK
851,877,FLOW
885,870,HAS_BLOCK
870,881,FLOW
885,881,HAS_BLOCK
881,882,FLOW
881,883,FLOW
881,818,FLOW
885,882,HAS_BLOCK
882,783,FLOW
882,784,FLOW
885,883,HAS_BLOCK
883,877,FLOW
885,783,HAS_BLOCK
783,804,FLOW
783,784,FLOW
885,784,HAS_BLOCK
784,786,FLOW
784,1147,CALL
885,786,HAS_BLOCK
786,788,FLOW
885,788,HAS_BLOCK
788,789,FLOW
788,791,FLOW
788,818,FLOW
885,789,HAS_BLOCK
789,793,FLOW
789,878,FLOW
789,878,UNWIND
885,791,HAS_BLOCK
791,877,FLOW
885,793,HAS_BLOCK
793,797,FLOW
793,794,FLOW
885,794,HAS_BLOCK
794,796,FLOW
794,878,FLOW
794,878,UNWIND
794,1173,CALL
885,796,HAS_BLOCK
796,877,FLOW
885,797,HAS_BLOCK
797,801,FLOW
797,878,FLOW
797,878,UNWIND
885,801,HAS_BLOCK
801,803,FLOW
801,878,FLOW
801,878,UNWIND
801,993,CALL
885,803,HAS_BLOCK
803,857,FLOW
885,804,HAS_BLOCK
804,806,FLOW
885,806,HAS_BLOCK
806,840,FLOW
806,807,FLOW
885,807,HAS_BLOCK
807,809,FLOW
807,1057,CALL
885,809,HAS_BLOCK
809,811,FLOW
885,811,HAS_BLOCK
811,812,FLOW
811,814,FLOW
811,818,FLOW
885,812,HAS_BLOCK
812,816,FLOW
812,1282,CALL
885,814,HAS_BLOCK
814,877,FLOW
885,816,HAS_BLOCK
816,819,FLOW
885,819,HAS_BLOCK
819,820,FLOW
819,821,FLOW
819,818,FLOW
885,820,HAS_BLOCK
820,829,FLOW
820,827,FLOW
820,825,FLOW
820,823,FLOW
885,821,HAS_BLOCK
821,877,FLOW
885,823,HAS_BLOCK
823,839,FLOW
823,1193,CALL
885,825,HAS_BLOCK
825,857,FLOW
825,984,CALL
885,827,HAS_BLOCK
827,838,FLOW
827,1349,CALL
885,829,HAS_BLOCK
829,831,FLOW
829,956,CALL
885,831,HAS_BLOCK
831,833,FLOW
885,833,HAS_BLOCK
833,834,FLOW
833,836,FLOW
833,818,FLOW
885,834,HAS_BLOCK
834,877,FLOW
885,836,HAS_BLOCK
836,877,FLOW
885,838,HAS_BLOCK
838,877,FLOW
885,839,HAS_BLOCK
839,877,FLOW
885,840,HAS_BLOCK
840,844,FLOW
840,841,FLOW
885,841,HAS_BLOCK
841,843,FLOW
841,1349,CALL
885,843,HAS_BLOCK
843,877,FLOW
885,844,HAS_BLOCK
844,854,FLOW
844,845,FLOW
885,845,HAS_BLOCK
845,847,FLOW
845,778,CALL
885,847,HAS_BLOCK
847,849,FLOW
885,849,HAS_BLOCK
849,857,FLOW
849,852,FLOW
849,818,FLOW
885,852,HAS_BLOCK
852,877,FLOW
885,854,HAS_BLOCK
854,856,FLOW
854,1193,CALL
885,856,HAS_BLOCK
856,877,FLOW
885,857,HAS_BLOCK
857,859,FLOW
857,1220,CALL
885,859,HAS_BLOCK
859,861,FLOW
885,861,HAS_BLOCK
861,862,FLOW
861,864,FLOW
861,818,FLOW
885,862,HAS_BLOCK
862,866,FLOW
862,1227,CALL
885,864,HAS_BLOCK
864,877,FLOW
885,866,HAS_BLOCK
866,876,FLOW
866,867,FLOW
885,867,HAS_BLOCK
867,871,FLOW
867,976,CALL
885,871,HAS_BLOCK
871,873,FLOW
885,873,HAS_BLOCK
873,876,FLOW
873,874,FLOW
873,818,FLOW
885,874,HAS_BLOCK
874,877,FLOW
885,876,HAS_BLOCK
876,877,FLOW
885,877,HAS_BLOCK
877,885,RETURN
885,878,HAS_BLOCK
878,879,FLOW
885,879,HAS_BLOCK
956,957,HAS_PARAM
956,958,HAS_PARAM
956,887,HAS_BLOCK
887,889,FLOW
887,1220,CALL
956,889,HAS_BLOCK
889,907,FLOW
956,907,HAS_BLOCK
907,942,FLOW
907,947,FLOW
907,926,FLOW
956,926,HAS_BLOCK
956,942,HAS_BLOCK
942,949,FLOW
942,1057,CALL
956,947,HAS_BLOCK
947,945,FLOW
956,949,HAS_BLOCK
949,951,FLOW
956,951,HAS_BLOCK
951,952,FLOW
951,954,FLOW
951,926,FLOW
956,952,HAS_BLOCK
952,890,FLOW
952,1220,CALL
956,954,HAS_BLOCK
954,945,FLOW
956,890,HAS_BLOCK
890,892,FLOW
956,892,HAS_BLOCK
892,893,FLOW
892,895,FLOW
892,926,FLOW
956,893,HAS_BLOCK
893,897,FLOW
956,895,HAS_BLOCK
895,945,FLOW
956,897,HAS_BLOCK
897,898,FLOW
956,898,HAS_BLOCK
898,900,FLOW
956,900,HAS_BLOCK
900,903,FLOW
900,901,FLOW
900,926,FLOW
956,901,HAS_BLOCK
901,904,FLOW
901,450,CALL
956,903,HAS_BLOCK
903,944,FLOW
956,904,HAS_BLOCK
904,908,FLOW
904,495,CALL
956,908,HAS_BLOCK
908,910,FLOW
908,456,CALL
956,910,HAS_BLOCK
910,912,FLOW
910,1232,CALL
956,912,HAS_BLOCK
912,914,FLOW
912,1227,CALL
956,914,HAS_BLOCK
914,922,FLOW
914,915,FLOW
956,915,HAS_BLOCK
915,917,FLOW
915,976,CALL
956,917,HAS_BLOCK
917,919,FLOW
956,919,HAS_BLOCK
919,922,FLOW
919,920,FLOW
919,926,FLOW
956,920,HAS_BLOCK
920,945,FLOW
956,922,HAS_BLOCK
922,924,FLOW
956,924,HAS_BLOCK
924,927,FLOW
924,531,CALL
956,927,HAS_BLOCK
927,929,FLOW
927,1294,CALL
956,929,HAS_BLOCK
929,931,FLOW
929,450,CALL
956,931,HAS_BLOCK
931,932,FLOW
956,932,HAS_BLOCK
932,934,FLOW
956,934,HAS_BLOCK
934,935,FLOW
956,935,HAS_BLOCK
935,937,FLOW
956,937,HAS_BLOCK
937,940,FLOW
937,938,FLOW
937,926,FLOW
956,938,HAS_BLOCK
938,935,FLOW
938,537,CALL
956,940,HAS_BLOCK
940,941,FLOW
956,941,HAS_BLOCK
941,898,FLOW
941,943,FLOW
956,943,HAS_BLOCK
943,898,FLOW
956,944,HAS_BLOCK
944,945,FLOW
956,945,HAS_BLOCK
945,956,RETURN
778,779,HAS_PARAM
778,692,HAS_BLOCK
692,694,FLOW
692,1220,CALL
778,694,HAS_BLOCK
694,712,FLOW
778,712,HAS_BLOCK
712,748,FLOW
712,764,FLOW
712,730,FLOW
778,730,HAS_BLOCK
778,748,HAS_BLOCK
748,771,FLOW
748,1220,CALL
778,764,HAS_BLOCK
764,761,FLOW
778,771,HAS_BLOCK
771,773,FLOW
778,773,HAS_BLOCK
773,774,FLOW
773,776,FLOW
773,730,FLOW
778,774,HAS_BLOCK
774,695,FLOW
774,1220,CALL
778,776,HAS_BLOCK
776,761,FLOW
778,695,HAS_BLOCK
695,697,FLOW
778,697,HAS_BLOCK
697,700,FLOW
697,698,FLOW
697,730,FLOW
778,698,HAS_BLOCK
698,761,FLOW
778,700,HAS_BLOCK
700,702,FLOW
700,1313,CALL
778,702,HAS_BLOCK
702,704,FLOW
778,704,HAS_BLOCK
704,705,FLOW
704,706,FLOW
704,730,FLOW
778,705,HAS_BLOCK
705,766,FLOW
705,700,FLOW
778,706,HAS_BLOCK
706,761,FLOW
778,708,HAS_BLOCK
708,710,FLOW
778,710,HAS_BLOCK
710,713,FLOW
710,714,FLOW
710,730,FLOW
778,713,HAS_BLOCK
713,718,FLOW
713,716,FLOW
778,714,HAS_BLOCK
714,761,FLOW
778,716,HAS_BLOCK
716,754,FLOW
716,1349,CALL
778,718,HAS_BLOCK
718,720,FLOW
718,1220,CALL
778,720,HAS_BLOCK
720,722,FLOW
778,722,HAS_BLOCK
722,723,FLOW
722,725,FLOW
722,730,FLOW
778,723,HAS_BLOCK
723,727,FLOW
723,1220,CALL
778,725,HAS_BLOCK
725,761,FLOW
778,727,HAS_BLOCK
727,729,FLOW
778,729,HAS_BLOCK
729,733,FLOW
729,731,FLOW
729,730,FLOW
778,731,HAS_BLOCK
731,761,FLOW
778,733,HAS_BLOCK
733,735,FLOW
733,1313,CALL
778,735,HAS_BLOCK
735,737,FLOW
778,737,HAS_BLOCK
737,738,FLOW
737,739,FLOW
737,730,FLOW
778,738,HAS_BLOCK
738,768,FLOW
738,733,FLOW
778,739,HAS_BLOCK
739,761,FLOW
778,741,HAS_BLOCK
741,743,FLOW
778,743,HAS_BLOCK
743,744,FLOW
743,746,FLOW
743,730,FLOW
778,744,HAS_BLOCK
744,749,FLOW
744,762,FLOW
744,762,UNWIND
778,746,HAS_BLOCK
746,761,FLOW
778,749,HAS_BLOCK
749,751,FLOW
749,762,FLOW
749,762,UNWIND
749,487,CALL
778,751,HAS_BLOCK
751,752,FLOW
778,752,HAS_BLOCK
752,755,FLOW
752,1220,CALL
778,754,HAS_BLOCK
754,761,FLOW
778,755,HAS_BLOCK
755,757,FLOW
778,757,HAS_BLOCK
757,758,FLOW
757,759,FLOW
757,730,FLOW
778,758,HAS_BLOCK
758,761,FLOW
778,759,HAS_BLOCK
759,761,FLOW
778,761,HAS_BLOCK
761,778,RETURN
778,762,HAS_BLOCK
762,765,FLOW
778,765,HAS_BLOCK
778,766,HAS_BLOCK
766,708,FLOW
766,1282,CALL
778,768,HAS_BLOCK
768,741,FLOW
768,1147,CALL
993,994,HAS_PARAM
993,995,HAS_PARAM
993,987,HAS_BLOCK
987,989,FLOW
987,524,CALL
993,989,HAS_BLOCK
989,991,FLOW
989,456,CALL
993,991,HAS_BLOCK
991,992,FLOW
993,992,HAS_BLOCK
992,993,RETURN
984,985,HAS_PARAM
984,986,HAS_PARAM
984,978,HAS_BLOCK
978,980,FLOW
978,495,CALL
984,980,HAS_BLOCK
980,982,FLOW
980,456,CALL
984,982,HAS_BLOCK
982,983,FLOW
984,983,HAS_BLOCK
983,984,RETURN
1093,1094,HAS_PARAM
1093,1060,HAS_BLOCK
1060,1062,FLOW
1060,1286,CALL
1093,1062,HAS_BLOCK
1062,1079,FLOW
1062,1227,CALL
1093,1079,HAS_BLOCK
1079,1074,FLOW
1079,1082,FLOW
1093,1082,HAS_BLOCK
1082,1084,FLOW
1082,1282,CALL
1093,1084,HAS_BLOCK
1084,1086,FLOW
1093,1086,HAS_BLOCK
1086,1088,FLOW
1086,1089,FLOW
1086,1087,FLOW
1093,1087,HAS_BLOCK
1093,1088,HAS_BLOCK
1088,1064,FLOW
1088,1091,FLOW
1093,1089,HAS_BLOCK
1089,1081,FLOW
1093,1091,HAS_BLOCK
1091,1063,FLOW
1091,1193,CALL
1093,1063,HAS_BLOCK
1063,1081,FLOW
1093,1064,HAS_BLOCK
1064,1065,FLOW
1064,1074,FLOW
1093,1065,HAS_BLOCK
1065,1066,FLOW
1065,1074,FLOW
1093,1066,HAS_BLOCK
1066,1068,FLOW
1066,1263,CALL
1093,1068,HAS_BLOCK
1068,1070,FLOW
1093,1070,HAS_BLOCK
1070,1071,FLOW
1070,1072,FLOW
1070,1087,FLOW
1093,1071,HAS_BLOCK
1071,1062,FLOW
1093,1072,HAS_BLOCK
1072,1081,FLOW
1093,1074,HAS_BLOCK
1074,1076,FLOW
1074,1286,CALL
1093,1076,HAS_BLOCK
1076,1080,FLOW
1076,1328,CALL
1093,1080,HAS_BLOCK
1080,1081,FLOW
1093,1081,HAS_BLOCK
1081,1093,RETURN
1147,1148,HAS_PARAM
1147,1095,HAS_BLOCK
1095,1097,FLOW
1095,1263,CALL
1147,1097,HAS_BLOCK
1097,1113,FLOW
1147,1113,HAS_BLOCK
1113,1138,FLOW
1113,1139,FLOW
1113,1130,FLOW
1147,1130,HAS_BLOCK
1147,1138,HAS_BLOCK
1138,1145,FLOW
1138,1141,FLOW
1147,1139,HAS_BLOCK
1139,1137,FLOW
1147,1141,HAS_BLOCK
1141,1145,FLOW
1141,1142,FLOW
1147,1142,HAS_BLOCK
1142,1144,FLOW
1142,1173,CALL
1147,1144,HAS_BLOCK
1144,1137,FLOW
1147,1145,HAS_BLOCK
1145,1098,FLOW
1145,1286,CALL
1147,1098,HAS_BLOCK
1098,1099,FLOW
1147,1099,HAS_BLOCK
1099,1101,FLOW
1099,1227,CALL
1147,1101,HAS_BLOCK
1101,1124,FLOW
1101,1102,FLOW
1147,1102,HAS_BLOCK
1102,1104,FLOW
1102,1282,CALL
1147,1104,HAS_BLOCK
1104,1106,FLOW
1147,1106,HAS_BLOCK
1106,1107,FLOW
1106,1108,FLOW
1106,1130,FLOW
1147,1107,HAS_BLOCK
1107,1111,FLOW
1107,1110,FLOW
1147,1108,HAS_BLOCK
1108,1137,FLOW
1147,1110,HAS_BLOCK
1110,1116,FLOW
1147,1111,HAS_BLOCK
1111,1115,FLOW
1111,1114,FLOW
1147,1114,HAS_BLOCK
1114,1116,FLOW
1147,1115,HAS_BLOCK
1115,1116,FLOW
1115,1124,FLOW
1147,1116,HAS_BLOCK
1116,1118,FLOW
1116,1263,CALL
1147,1118,HAS_BLOCK
1118,1120,FLOW
1147,1120,HAS_BLOCK
1120,1121,FLOW
1120,1122,FLOW
1120,1130,FLOW
1147,1121,HAS_BLOCK
1121,1099,FLOW
1147,1122,HAS_BLOCK
1122,1137,FLOW
1147,1124,HAS_BLOCK
1124,1126,FLOW
1124,1286,CALL
1147,1126,HAS_BLOCK
1126,1128,FLOW
1126,1220,CALL
1147,1128,HAS_BLOCK
1128,1131,FLOW
1147,1131,HAS_BLOCK
1131,1132,FLOW
1131,1134,FLOW
1131,1130,FLOW
1147,1132,HAS_BLOCK
1132,1136,FLOW
1132,1328,CALL
1147,1134,HAS_BLOCK
1134,1137,FLOW
1147,1136,HAS_BLOCK
1136,1137,FLOW
1147,1137,HAS_BLOCK
1137,1147,RETURN
1057,1058,HAS_PARAM
1057,1059,HAS_PARAM
1057,1007,HAS_BLOCK
1007,1044,FLOW
1007,1041,FLOW
1007,1041,UNWIND
1007,1286,CALL
1057,1009,HAS_BLOCK
1009,1027,FLOW
1009,1041,FLOW
1009,1041,UNWIND
1009,1227,CALL
1057,1027,HAS_BLOCK
1027,1024,FLOW
1027,1042,FLOW
1057,1042,HAS_BLOCK
1042,1048,FLOW
1042,1041,FLOW
1042,1041,UNWIND
1042,1282,CALL
1057,1048,HAS_BLOCK
1048,1050,FLOW
1048,1041,FLOW
1048,1041,UNWIND
1057,1050,HAS_BLOCK
1050,1052,FLOW
1050,1054,FLOW
1050,1051,FLOW
1057,1051,HAS_BLOCK
1057,1052,HAS_BLOCK
1052,1056,FLOW
1052,1041,FLOW
1052,1041,UNWIND
1057,1054,HAS_BLOCK
1054,1045,FLOW
1054,1041,FLOW
1054,1041,UNWIND
1057,1056,HAS_BLOCK
1056,1018,FLOW
1056,1010,FLOW
1057,1010,HAS_BLOCK
1010,1012,FLOW
1010,1041,FLOW
1010,1041,UNWIND
1010,1263,CALL
1057,1012,HAS_BLOCK
1012,1014,FLOW
1012,1041,FLOW
1012,1041,UNWIND
1057,1014,HAS_BLOCK
1014,1015,FLOW
1014,1016,FLOW
1014,1051,FLOW
1057,1015,HAS_BLOCK
1015,1009,FLOW
1057,1016,HAS_BLOCK
1016,1046,FLOW
1016,1041,FLOW
1016,1041,UNWIND
1057,1018,HAS_BLOCK
1018,1020,FLOW
1018,1041,FLOW
1018,1041,UNWIND
1057,1020,HAS_BLOCK
1020,1021,FLOW
1020,1024,FLOW
1057,1021,HAS_BLOCK
1021,1023,FLOW
1021,1041,FLOW
1021,1041,UNWIND
1021,1173,CALL
1057,1023,HAS_BLOCK
1023,1038,FLOW
1057,1024,HAS_BLOCK
1024,1028,FLOW
1024,1041,FLOW
1024,1041,UNWIND
1024,1286,CALL
1057,1028,HAS_BLOCK
1028,1030,FLOW
1028,1041,FLOW
1028,1041,UNWIND
1028,1328,CALL
1057,1030,HAS_BLOCK
1030,1032,FLOW
1030,1040,FLOW
1030,1040,UNWIND
1057,1032,HAS_BLOCK
1032,1034,FLOW
1032,1040,FLOW
1032,1040,UNWIND
1057,1034,HAS_BLOCK
1034,1036,FLOW
1034,1040,FLOW
1034,1040,UNWIND
1057,1036,HAS_BLOCK
1036,1037,FLOW
1036,1041,FLOW
1036,1041,UNWIND
1057,1037,HAS_BLOCK
1037,1039,FLOW
1057,1038,HAS_BLOCK
1038,1039,FLOW
1057,1039,HAS_BLOCK
1039,1057,RETURN
1057,1040,HAS_BLOCK
1040,1041,FLOW
1057,1041,HAS_BLOCK
1041,1043,FLOW
1057,1043,HAS_BLOCK
1057,1044,HAS_BLOCK
1044,1009,FLOW
1057,1045,HAS_BLOCK
1045,1038,FLOW
1057,1046,HAS_BLOCK
1046,1038,FLOW
101,102,HAS_PARAM
101,103,HAS_PARAM
101,98,HAS_BLOCK
98,100,FLOW
101,100,HAS_BLOCK
100,101,RETURN
92,93,HAS_PARAM
92,91,HAS_BLOCK
91,92,RETURN
97,94,HAS_BLOCK
94,96,FLOW
97,96,HAS_BLOCK
96,97,RETURN
34,35,HAS_PARAM
34,36,HAS_PARAM
34,21,HAS_BLOCK
21,31,FLOW
21,29,FLOW
21,27,FLOW
21,25,FLOW
21,23,FLOW
21,22,FLOW
34,22,HAS_BLOCK
34,23,HAS_BLOCK
23,33,FLOW
34,25,HAS_BLOCK
25,33,FLOW
34,27,HAS_BLOCK
27,33,FLOW
34,29,HAS_BLOCK
29,33,FLOW
34,31,HAS_BLOCK
31,33,FLOW
34,33,HAS_BLOCK
33,34,RETURN
73,74,HAS_PARAM
73,75,HAS_PARAM
73,38,HAS_BLOCK
38,65,FLOW
38,63,FLOW
38,61,FLOW
38,59,FLOW
38,57,FLOW
38,39,FLOW
73,39,HAS_BLOCK
73,57,HAS_BLOCK
57,52,FLOW
73,59,HAS_BLOCK
59,46,FLOW
73,61,HAS_BLOCK
61,42,FLOW
73,63,HAS_BLOCK
63,71,FLOW
73,65,HAS_BLOCK
65,67,FLOW
73,67,HAS_BLOCK
67,69,FLOW
73,69,HAS_BLOCK
69,56,FLOW
73,71,HAS_BLOCK
71,40,FLOW
73,40,HAS_BLOCK
40,56,FLOW
73,42,HAS_BLOCK
42,44,FLOW
73,44,HAS_BLOCK
44,56,FLOW
73,46,HAS_BLOCK
46,48,FLOW
73,48,HAS_BLOCK
48,50,FLOW
73,50,HAS_BLOCK
50,56,FLOW
73,52,HAS_BLOCK
52,54,FLOW
73,54,HAS_BLOCK
54,56,FLOW
73,56,HAS_BLOCK
56,73,RETURN
19,20,HAS_PARAM
19,14,HAS_BLOCK
14,17,FLOW
14,16,FLOW
14,15,FLOW
19,15,HAS_BLOCK
15,18,FLOW
19,16,HAS_BLOCK
16,18,FLOW
19,17,HAS_BLOCK
17,18,FLOW
19,18,HAS_BLOCK
18,19,RETURN
11,12,HAS_PARAM
11,10,HAS_BLOCK
10,11,RETURN
7,8,HAS_PARAM
7,6,HAS_BLOCK
6,7,RETURN
3,4,HAS_PARAM
3,2,HAS_BLOCK
2,3,RETURN
88,89,HAS_PARAM
88,90,HAS_PARAM
88,85,HAS_BLOCK
85,87,FLOW
88,87,HAS_BLOCK
87,88,RETURN
83,84,HAS_PARAM
83,76,HAS_BLOCK
76,78,FLOW
83,78,HAS_BLOCK
78,80,FLOW
78,81,FLOW
78,81,UNWIND
83,80,HAS_BLOCK
80,83,RETURN
83,81,HAS_BLOCK
81,82,FLOW
83,82,HAS_BLOCK
265,266,HAS_PARAM
265,267,HAS_PARAM
265,268,HAS_PARAM
265,231,HAS_BLOCK
231,248,FLOW
231,232,FLOW
265,232,HAS_BLOCK
232,254,FLOW
265,248,HAS_BLOCK
248,258,FLOW
248,257,FLOW
265,257,HAS_BLOCK
257,254,FLOW
265,258,HAS_BLOCK
258,259,FLOW
265,259,HAS_BLOCK
259,260,FLOW
265,260,HAS_BLOCK
260,261,FLOW
265,261,HAS_BLOCK
261,262,FLOW
265,262,HAS_BLOCK
262,264,FLOW
265,264,HAS_BLOCK
264,234,FLOW
264,233,FLOW
265,233,HAS_BLOCK
233,254,FLOW
265,234,HAS_BLOCK
234,235,FLOW
265,235,HAS_BLOCK
235,237,FLOW
265,237,HAS_BLOCK
237,238,FLOW
237,243,FLOW
265,238,HAS_BLOCK
238,240,FLOW
265,240,HAS_BLOCK
240,242,FLOW
265,242,HAS_BLOCK
242,244,FLOW
242,243,FLOW
265,243,HAS_BLOCK
243,254,FLOW
265,244,HAS_BLOCK
244,246,FLOW
265,246,HAS_BLOCK
246,249,FLOW
265,249,HAS_BLOCK
249,251,FLOW
265,251,HAS_BLOCK
251,253,FLOW
251,255,FLOW
251,255,UNWIND
265,253,HAS_BLOCK
253,254,FLOW
265,254,HAS_BLOCK
254,265,RETURN
265,255,HAS_BLOCK
255,256,FLOW
265,256,HAS_BLOCK
226,227,HAS_PARAM
226,228,HAS_PARAM
226,209,HAS_BLOCK
209,211,FLOW
226,211,HAS_BLOCK
211,215,FLOW
211,225,FLOW
211,225,UNWIND
226,215,HAS_BLOCK
215,216,FLOW
226,216,HAS_BLOCK
216,218,FLOW
216,225,FLOW
216,225,UNWIND
226,218,HAS_BLOCK
218,222,FLOW
218,220,FLOW
218,219,FLOW
226,219,HAS_BLOCK
226,220,HAS_BLOCK
220,223,FLOW
220,225,FLOW
220,225,UNWIND
220,265,CALL
226,222,HAS_BLOCK
222,226,RETURN
226,223,HAS_BLOCK
223,213,FLOW
223,225,FLOW
223,225,UNWIND
226,225,HAS_BLOCK
225,212,FLOW
226,212,HAS_BLOCK
226,213,HAS_BLOCK
213,216,FLOW
