node_id,node_kind,symbol,file,line,column
0,MODULE,,Real(RealFileName { local: Some(InnerRealFileName { name: "canon-utils/rename/examples/rename_self.rs", working_directory: "/workspace/ai_sandbox/canon", embeddable_name: "/workspace/ai_sandbox/canon/canon-utils/rename/examples/rename_self.rs" }), maybe_remapped: InnerRealFileName { name: "canon-utils/rename/examples/rename_self.rs", working_directory: "/workspace/ai_sandbox/canon", embeddable_name: "/workspace/ai_sandbox/canon/canon-utils/rename/examples/rename_self.rs" }, scopes: RemapPathScopeComponents(0x0) }),1,1
1,BASIC_BLOCK,main::bb0,Real(RealFileName { local: Some(InnerRealFileName { name: "canon-utils/rename/examples/rename_self.rs", working_directory: "/workspace/ai_sandbox/canon", embeddable_name: "/workspace/ai_sandbox/canon/canon-utils/rename/examples/rename_self.rs" }), maybe_remapped: InnerRealFileName { name: "canon-utils/rename/examples/rename_self.rs", working_directory: "/workspace/ai_sandbox/canon", embeddable_name: "/workspace/ai_sandbox/canon/canon-utils/rename/examples/rename_self.rs" }, scopes: RemapPathScopeComponents(0x0) }),4,18
2,CALL_SITE,main::bb0::call0,Real(RealFileName { local: Some(InnerRealFileName { name: "canon-utils/rename/examples/rename_self.rs", working_directory: "/workspace/ai_sandbox/canon", embeddable_name: "/workspace/ai_sandbox/canon/canon-utils/rename/examples/rename_self.rs" }), maybe_remapped: InnerRealFileName { name: "canon-utils/rename/examples/rename_self.rs", working_directory: "/workspace/ai_sandbox/canon", embeddable_name: "/workspace/ai_sandbox/canon/canon-utils/rename/examples/rename_self.rs" }, scopes: RemapPathScopeComponents(0x0) }),4,18
3,BASIC_BLOCK,main::bb1,Real(RealFileName { local: Some(InnerRealFileName { name: "canon-utils/rename/examples/rename_self.rs", working_directory: "/workspace/ai_sandbox/canon", embeddable_name: "/workspace/ai_sandbox/canon/canon-utils/rename/examples/rename_self.rs" }), maybe_remapped: InnerRealFileName { name: "canon-utils/rename/examples/rename_self.rs", working_directory: "/workspace/ai_sandbox/canon", embeddable_name: "/workspace/ai_sandbox/canon/canon-utils/rename/examples/rename_self.rs" }, scopes: RemapPathScopeComponents(0x0) }),4,18
4,BASIC_BLOCK,main::bb10,Real(RealFileName { local: Some(InnerRealFileName { name: "canon-utils/rename/examples/rename_self.rs", working_directory: "/workspace/ai_sandbox/canon", embeddable_name: "/workspace/ai_sandbox/canon/canon-utils/rename/examples/rename_self.rs" }), maybe_remapped: InnerRealFileName { name: "canon-utils/rename/examples/rename_self.rs", working_directory: "/workspace/ai_sandbox/canon", embeddable_name: "/workspace/ai_sandbox/canon/canon-utils/rename/examples/rename_self.rs" }, scopes: RemapPathScopeComponents(0x0) }),6,23
5,CALL_SITE,main::bb10::call8,Real(RealFileName { local: Some(InnerRealFileName { name: "canon-utils/rename/examples/rename_self.rs", working_directory: "/workspace/ai_sandbox/canon", embeddable_name: "/workspace/ai_sandbox/canon/canon-utils/rename/examples/rename_self.rs" }), maybe_remapped: InnerRealFileName { name: "canon-utils/rename/examples/rename_self.rs", working_directory: "/workspace/ai_sandbox/canon", embeddable_name: "/workspace/ai_sandbox/canon/canon-utils/rename/examples/rename_self.rs" }, scopes: RemapPathScopeComponents(0x0) }),6,23
6,BASIC_BLOCK,main::bb11,Real(RealFileName { local: Some(InnerRealFileName { name: "/home/cicero-arch-omen/.rustup/toolchains/nightly-x86_64-unknown-linux-gnu/lib/rustlib/src/rust/library/std/src/macros.rs", working_directory: "", embeddable_name: "/home/cicero-arch-omen/.rustup/toolchains/nightly-x86_64-unknown-linux-gnu/lib/rustlib/src/rust/library/std/src/macros.rs" }), maybe_remapped: InnerRealFileName { name: "/home/cicero-arch-omen/.rustup/toolchains/nightly-x86_64-unknown-linux-gnu/lib/rustlib/src/rust/library/std/src/macros.rs", working_directory: "", embeddable_name: "/home/cicero-arch-omen/.rustup/toolchains/nightly-x86_64-unknown-linux-gnu/lib/rustlib/src/rust/library/std/src/macros.rs" }, scopes: RemapPathScopeComponents(0x0) }),143,28
7,CALL_SITE,main::bb11::call9,Real(RealFileName { local: Some(InnerRealFileName { name: "/home/cicero-arch-omen/.rustup/toolchains/nightly-x86_64-unknown-linux-gnu/lib/rustlib/src/rust/library/std/src/macros.rs", working_directory: "", embeddable_name: "/home/cicero-arch-omen/.rustup/toolchains/nightly-x86_64-unknown-linux-gnu/lib/rustlib/src/rust/library/std/src/macros.rs" }), maybe_remapped: InnerRealFileName { name: "/home/cicero-arch-omen/.rustup/toolchains/nightly-x86_64-unknown-linux-gnu/lib/rustlib/src/rust/library/std/src/macros.rs", working_directory: "", embeddable_name: "/home/cicero-arch-omen/.rustup/toolchains/nightly-x86_64-unknown-linux-gnu/lib/rustlib/src/rust/library/std/src/macros.rs" }, scopes: RemapPathScopeComponents(0x0) }),143,28
8,BASIC_BLOCK,main::bb12,Real(RealFileName { local: Some(InnerRealFileName { name: "/home/cicero-arch-omen/.rustup/toolchains/nightly-x86_64-unknown-linux-gnu/lib/rustlib/src/rust/library/std/src/macros.rs", working_directory: "", embeddable_name: "/home/cicero-arch-omen/.rustup/toolchains/nightly-x86_64-unknown-linux-gnu/lib/rustlib/src/rust/library/std/src/macros.rs" }), maybe_remapped: InnerRealFileName { name: "/home/cicero-arch-omen/.rustup/toolchains/nightly-x86_64-unknown-linux-gnu/lib/rustlib/src/rust/library/std/src/macros.rs", working_directory: "", embeddable_name: "/home/cicero-arch-omen/.rustup/toolchains/nightly-x86_64-unknown-linux-gnu/lib/rustlib/src/rust/library/std/src/macros.rs" }, scopes: RemapPathScopeComponents(0x0) }),143,9
9,CALL_SITE,main::bb12::call10,Real(RealFileName { local: Some(InnerRealFileName { name: "/home/cicero-arch-omen/.rustup/toolchains/nightly-x86_64-unknown-linux-gnu/lib/rustlib/src/rust/library/std/src/macros.rs", working_directory: "", embeddable_name: "/home/cicero-arch-omen/.rustup/toolchains/nightly-x86_64-unknown-linux-gnu/lib/rustlib/src/rust/library/std/src/macros.rs" }), maybe_remapped: InnerRealFileName { name: "/home/cicero-arch-omen/.rustup/toolchains/nightly-x86_64-unknown-linux-gnu/lib/rustlib/src/rust/library/std/src/macros.rs", working_directory: "", embeddable_name: "/home/cicero-arch-omen/.rustup/toolchains/nightly-x86_64-unknown-linux-gnu/lib/rustlib/src/rust/library/std/src/macros.rs" }, scopes: RemapPathScopeComponents(0x0) }),143,9
10,BASIC_BLOCK,main::bb13,Real(RealFileName { local: Some(InnerRealFileName { name: "canon-utils/rename/examples/rename_self.rs", working_directory: "/workspace/ai_sandbox/canon", embeddable_name: "/workspace/ai_sandbox/canon/canon-utils/rename/examples/rename_self.rs" }), maybe_remapped: InnerRealFileName { name: "canon-utils/rename/examples/rename_self.rs", working_directory: "/workspace/ai_sandbox/canon", embeddable_name: "/workspace/ai_sandbox/canon/canon-utils/rename/examples/rename_self.rs" }, scopes: RemapPathScopeComponents(0x0) }),8,1
11,BASIC_BLOCK,main::bb14,Real(RealFileName { local: Some(InnerRealFileName { name: "canon-utils/rename/examples/rename_self.rs", working_directory: "/workspace/ai_sandbox/canon", embeddable_name: "/workspace/ai_sandbox/canon/canon-utils/rename/examples/rename_self.rs" }), maybe_remapped: InnerRealFileName { name: "canon-utils/rename/examples/rename_self.rs", working_directory: "/workspace/ai_sandbox/canon", embeddable_name: "/workspace/ai_sandbox/canon/canon-utils/rename/examples/rename_self.rs" }, scopes: RemapPathScopeComponents(0x0) }),8,2
12,BASIC_BLOCK,main::bb15,Real(RealFileName { local: Some(InnerRealFileName { name: "canon-utils/rename/examples/rename_self.rs", working_directory: "/workspace/ai_sandbox/canon", embeddable_name: "/workspace/ai_sandbox/canon/canon-utils/rename/examples/rename_self.rs" }), maybe_remapped: InnerRealFileName { name: "canon-utils/rename/examples/rename_self.rs", working_directory: "/workspace/ai_sandbox/canon", embeddable_name: "/workspace/ai_sandbox/canon/canon-utils/rename/examples/rename_self.rs" }, scopes: RemapPathScopeComponents(0x0) }),8,1
13,BASIC_BLOCK,main::bb16,Real(RealFileName { local: Some(InnerRealFileName { name: "canon-utils/rename/examples/rename_self.rs", working_directory: "/workspace/ai_sandbox/canon", embeddable_name: "/workspace/ai_sandbox/canon/canon-utils/rename/examples/rename_self.rs" }), maybe_remapped: InnerRealFileName { name: "canon-utils/rename/examples/rename_self.rs", working_directory: "/workspace/ai_sandbox/canon", embeddable_name: "/workspace/ai_sandbox/canon/canon-utils/rename/examples/rename_self.rs" }, scopes: RemapPathScopeComponents(0x0) }),3,1
14,CALL_SITE,main::bb1::call1,Real(RealFileName { local: Some(InnerRealFileName { name: "canon-utils/rename/examples/rename_self.rs", working_directory: "/workspace/ai_sandbox/canon", embeddable_name: "/workspace/ai_sandbox/canon/canon-utils/rename/examples/rename_self.rs" }), maybe_remapped: InnerRealFileName { name: "canon-utils/rename/examples/rename_self.rs", working_directory: "/workspace/ai_sandbox/canon", embeddable_name: "/workspace/ai_sandbox/canon/canon-utils/rename/examples/rename_self.rs" }, scopes: RemapPathScopeComponents(0x0) }),4,18
15,BASIC_BLOCK,main::bb2,Real(RealFileName { local: Some(InnerRealFileName { name: "canon-utils/rename/examples/rename_self.rs", working_directory: "/workspace/ai_sandbox/canon", embeddable_name: "/workspace/ai_sandbox/canon/canon-utils/rename/examples/rename_self.rs" }), maybe_remapped: InnerRealFileName { name: "canon-utils/rename/examples/rename_self.rs", working_directory: "/workspace/ai_sandbox/canon", embeddable_name: "/workspace/ai_sandbox/canon/canon-utils/rename/examples/rename_self.rs" }, scopes: RemapPathScopeComponents(0x0) }),4,18
16,BASIC_BLOCK,main::bb3,Real(RealFileName { local: Some(InnerRealFileName { name: "canon-utils/rename/examples/rename_self.rs", working_directory: "/workspace/ai_sandbox/canon", embeddable_name: "/workspace/ai_sandbox/canon/canon-utils/rename/examples/rename_self.rs" }), maybe_remapped: InnerRealFileName { name: "canon-utils/rename/examples/rename_self.rs", working_directory: "/workspace/ai_sandbox/canon", embeddable_name: "/workspace/ai_sandbox/canon/canon-utils/rename/examples/rename_self.rs" }, scopes: RemapPathScopeComponents(0x0) }),4,18
17,BASIC_BLOCK,main::bb4,Real(RealFileName { local: Some(InnerRealFileName { name: "canon-utils/rename/examples/rename_self.rs", working_directory: "/workspace/ai_sandbox/canon", embeddable_name: "/workspace/ai_sandbox/canon/canon-utils/rename/examples/rename_self.rs" }), maybe_remapped: InnerRealFileName { name: "canon-utils/rename/examples/rename_self.rs", working_directory: "/workspace/ai_sandbox/canon", embeddable_name: "/workspace/ai_sandbox/canon/canon-utils/rename/examples/rename_self.rs" }, scopes: RemapPathScopeComponents(0x0) }),5,23
18,CALL_SITE,main::bb4::call2,Real(RealFileName { local: Some(InnerRealFileName { name: "canon-utils/rename/examples/rename_self.rs", working_directory: "/workspace/ai_sandbox/canon", embeddable_name: "/workspace/ai_sandbox/canon/canon-utils/rename/examples/rename_self.rs" }), maybe_remapped: InnerRealFileName { name: "canon-utils/rename/examples/rename_self.rs", working_directory: "/workspace/ai_sandbox/canon", embeddable_name: "/workspace/ai_sandbox/canon/canon-utils/rename/examples/rename_self.rs" }, scopes: RemapPathScopeComponents(0x0) }),5,23
19,BASIC_BLOCK,main::bb5,Real(RealFileName { local: Some(InnerRealFileName { name: "canon-utils/rename/examples/rename_self.rs", working_directory: "/workspace/ai_sandbox/canon", embeddable_name: "/workspace/ai_sandbox/canon/canon-utils/rename/examples/rename_self.rs" }), maybe_remapped: InnerRealFileName { name: "canon-utils/rename/examples/rename_self.rs", working_directory: "/workspace/ai_sandbox/canon", embeddable_name: "/workspace/ai_sandbox/canon/canon-utils/rename/examples/rename_self.rs" }, scopes: RemapPathScopeComponents(0x0) }),4,18
20,CALL_SITE,main::bb5::call3,Real(RealFileName { local: Some(InnerRealFileName { name: "canon-utils/rename/examples/rename_self.rs", working_directory: "/workspace/ai_sandbox/canon", embeddable_name: "/workspace/ai_sandbox/canon/canon-utils/rename/examples/rename_self.rs" }), maybe_remapped: InnerRealFileName { name: "canon-utils/rename/examples/rename_self.rs", working_directory: "/workspace/ai_sandbox/canon", embeddable_name: "/workspace/ai_sandbox/canon/canon-utils/rename/examples/rename_self.rs" }, scopes: RemapPathScopeComponents(0x0) }),4,18
21,BASIC_BLOCK,main::bb6,Real(RealFileName { local: Some(InnerRealFileName { name: "/home/cicero-arch-omen/.rustup/toolchains/nightly-x86_64-unknown-linux-gnu/lib/rustlib/src/rust/library/std/src/macros.rs", working_directory: "", embeddable_name: "/home/cicero-arch-omen/.rustup/toolchains/nightly-x86_64-unknown-linux-gnu/lib/rustlib/src/rust/library/std/src/macros.rs" }), maybe_remapped: InnerRealFileName { name: "/home/cicero-arch-omen/.rustup/toolchains/nightly-x86_64-unknown-linux-gnu/lib/rustlib/src/rust/library/std/src/macros.rs", working_directory: "", embeddable_name: "/home/cicero-arch-omen/.rustup/toolchains/nightly-x86_64-unknown-linux-gnu/lib/rustlib/src/rust/library/std/src/macros.rs" }, scopes: RemapPathScopeComponents(0x0) }),143,28
22,CALL_SITE,main::bb6::call4,Real(RealFileName { local: Some(InnerRealFileName { name: "/home/cicero-arch-omen/.rustup/toolchains/nightly-x86_64-unknown-linux-gnu/lib/rustlib/src/rust/library/std/src/macros.rs", working_directory: "", embeddable_name: "/home/cicero-arch-omen/.rustup/toolchains/nightly-x86_64-unknown-linux-gnu/lib/rustlib/src/rust/library/std/src/macros.rs" }), maybe_remapped: InnerRealFileName { name: "/home/cicero-arch-omen/.rustup/toolchains/nightly-x86_64-unknown-linux-gnu/lib/rustlib/src/rust/library/std/src/macros.rs", working_directory: "", embeddable_name: "/home/cicero-arch-omen/.rustup/toolchains/nightly-x86_64-unknown-linux-gnu/lib/rustlib/src/rust/library/std/src/macros.rs" }, scopes: RemapPathScopeComponents(0x0) }),143,28
23,BASIC_BLOCK,main::bb7,Real(RealFileName { local: Some(InnerRealFileName { name: "/home/cicero-arch-omen/.rustup/toolchains/nightly-x86_64-unknown-linux-gnu/lib/rustlib/src/rust/library/std/src/macros.rs", working_directory: "", embeddable_name: "/home/cicero-arch-omen/.rustup/toolchains/nightly-x86_64-unknown-linux-gnu/lib/rustlib/src/rust/library/std/src/macros.rs" }), maybe_remapped: InnerRealFileName { name: "/home/cicero-arch-omen/.rustup/toolchains/nightly-x86_64-unknown-linux-gnu/lib/rustlib/src/rust/library/std/src/macros.rs", working_directory: "", embeddable_name: "/home/cicero-arch-omen/.rustup/toolchains/nightly-x86_64-unknown-linux-gnu/lib/rustlib/src/rust/library/std/src/macros.rs" }, scopes: RemapPathScopeComponents(0x0) }),143,9
24,CALL_SITE,main::bb7::call5,Real(RealFileName { local: Some(InnerRealFileName { name: "/home/cicero-arch-omen/.rustup/toolchains/nightly-x86_64-unknown-linux-gnu/lib/rustlib/src/rust/library/std/src/macros.rs", working_directory: "", embeddable_name: "/home/cicero-arch-omen/.rustup/toolchains/nightly-x86_64-unknown-linux-gnu/lib/rustlib/src/rust/library/std/src/macros.rs" }), maybe_remapped: InnerRealFileName { name: "/home/cicero-arch-omen/.rustup/toolchains/nightly-x86_64-unknown-linux-gnu/lib/rustlib/src/rust/library/std/src/macros.rs", working_directory: "", embeddable_name: "/home/cicero-arch-omen/.rustup/toolchains/nightly-x86_64-unknown-linux-gnu/lib/rustlib/src/rust/library/std/src/macros.rs" }, scopes: RemapPathScopeComponents(0x0) }),143,9
25,BASIC_BLOCK,main::bb8,Real(RealFileName { local: Some(InnerRealFileName { name: "canon-utils/rename/examples/rename_self.rs", working_directory: "/workspace/ai_sandbox/canon", embeddable_name: "/workspace/ai_sandbox/canon/canon-utils/rename/examples/rename_self.rs" }), maybe_remapped: InnerRealFileName { name: "canon-utils/rename/examples/rename_self.rs", working_directory: "/workspace/ai_sandbox/canon", embeddable_name: "/workspace/ai_sandbox/canon/canon-utils/rename/examples/rename_self.rs" }, scopes: RemapPathScopeComponents(0x0) }),6,28
26,CALL_SITE,main::bb8::call6,Real(RealFileName { local: Some(InnerRealFileName { name: "canon-utils/rename/examples/rename_self.rs", working_directory: "/workspace/ai_sandbox/canon", embeddable_name: "/workspace/ai_sandbox/canon/canon-utils/rename/examples/rename_self.rs" }), maybe_remapped: InnerRealFileName { name: "canon-utils/rename/examples/rename_self.rs", working_directory: "/workspace/ai_sandbox/canon", embeddable_name: "/workspace/ai_sandbox/canon/canon-utils/rename/examples/rename_self.rs" }, scopes: RemapPathScopeComponents(0x0) }),6,28
27,BASIC_BLOCK,main::bb9,Real(RealFileName { local: Some(InnerRealFileName { name: "canon-utils/rename/examples/rename_self.rs", working_directory: "/workspace/ai_sandbox/canon", embeddable_name: "/workspace/ai_sandbox/canon/canon-utils/rename/examples/rename_self.rs" }), maybe_remapped: InnerRealFileName { name: "canon-utils/rename/examples/rename_self.rs", working_directory: "/workspace/ai_sandbox/canon", embeddable_name: "/workspace/ai_sandbox/canon/canon-utils/rename/examples/rename_self.rs" }, scopes: RemapPathScopeComponents(0x0) }),6,28
28,CALL_SITE,main::bb9::call7,Real(RealFileName { local: Some(InnerRealFileName { name: "canon-utils/rename/examples/rename_self.rs", working_directory: "/workspace/ai_sandbox/canon", embeddable_name: "/workspace/ai_sandbox/canon/canon-utils/rename/examples/rename_self.rs" }), maybe_remapped: InnerRealFileName { name: "canon-utils/rename/examples/rename_self.rs", working_directory: "/workspace/ai_sandbox/canon", embeddable_name: "/workspace/ai_sandbox/canon/canon-utils/rename/examples/rename_self.rs" }, scopes: RemapPathScopeComponents(0x0) }),6,28
29,FUNCTION,main::fn,Real(RealFileName { local: Some(InnerRealFileName { name: "canon-utils/rename/examples/rename_self.rs", working_directory: "/workspace/ai_sandbox/canon", embeddable_name: "/workspace/ai_sandbox/canon/canon-utils/rename/examples/rename_self.rs" }), maybe_remapped: InnerRealFileName { name: "canon-utils/rename/examples/rename_self.rs", working_directory: "/workspace/ai_sandbox/canon", embeddable_name: "/workspace/ai_sandbox/canon/canon-utils/rename/examples/rename_self.rs" }, scopes: RemapPathScopeComponents(0x0) }),3,1
